Elevation,Transect,Quadrat,Species,Cover,Collection,Long_Form,Photos
450,A,1,,,,,
450,A,2,Caloplaca2,2,T450_A2.1,Caloplaca2,
450,A,3,,,,,
450,A,4,,,,,
450,A,5,Caloplaca2,2,T450_A2.1,,
450,A,5,Roccellina1,8,T450_A5.1,,
450,A,5,YellowRhizocarpon,T,T450_A5.2,,
450,A,6,Caloplaca2,T,T450_A2.1,,
450,A,7,,,,,
450,A,8,,,,,
450,A,9,,,,,
450,A,10,Caloplaca2,T,T450_A2.1,,
450,A,11,,,,,
450,A,12,Caloplaca2,2,T450_A2.1,,
450,A,13,Caloplaca2,T,T450_A2.1,,
450,A,14,,,,,
450,A,15,,,,,
450,A,16,,,,,
450,A,17,,,,,
450,A,18,,,,,
450,A,19,,,,,
450,A,20,,,,,
500,A,1,ArthoniaRocc1,T,T500_A1.1,,
500,A,1,LightBrownRocc,2,,,
500,A,1,Roccellina1,1,T450_A5.1,,
500,A,1,Roccellina2,1,,,
500,A,2,,,,,
500,A,3,,,,,
500,A,4,Buellia3,1,T500_A4.2,,
500,A,4,Caloplaca2,1,T450_A2.1,,
500,A,4,Ramalina2,T,T500_A4.1,,
500,A,4,YellowRhizocarpon,T,T450_A5.2,,
500,A,5,,,,,
500,A,6,Caloplaca2,T,T450_A2.1,,
500,A,6,Ramalina2,T,T500_A4.1,,
500,A,7,,,,,
500,A,8,,,,,
500,A,9,Arctothelium,T,T800_A1.8,,
500,A,9,Buellia2,T,T800_A1.13,,
500,A,9,YellowRhizocarpon,T,T450_A5.2,,
500,A,9,YellowRhizocarpon2,T,T500_A9.1,,
500,A,10,Arctothelium,1,T800_A1.8,,
500,A,10,BuelliaBlue,T,T500_A10.3,,
500,A,10,Caloplaca2,1,T450_A2.1,,
500,A,10,Caloplaca3,T,T500_A10.2,,
500,A,10,GrayCrust1,T,T500_A10.1,,
500,A,10,YellowRhizocarpon,2,T450_A5.2,,
500,A,11,Arctothelium,T,T800_A1.8,,
500,A,11,Caloplaca2,T,T450_A2.1,,
500,A,12,Arctothelium,T,T800_A1.8,,
500,A,12,Buellia3,T,T500_A4.2,,
500,A,12,Buellia4,T,T500_A12.1,,
500,A,12,Caloplaca2,1,T450_A2.1,,
500,A,12,YellowRhizocarpon,T,T450_A5.2,,
500,A,13,,,,,
500,A,14,Arctothelium,T,T800_A1.8,,
500,A,14,GrayCrust1,T,T500_A10.1,,
500,A,14,YellowRhizocarpon,T,T450_A5.2,,
500,A,15,Buellia4,T,T500_A12.1,,
500,A,15,Caloplaca2,1,T450_A2.1,,
500,A,15,YellowRhizocarpon,T,T450_A5.2,,
500,A,16,,,,,
500,A,17,,,,,
500,A,18,,,,,
500,A,19,,,,,
500,A,20,,,,,
550,A,1,BrownLumpy,3,T550_A1.1,,
550,A,1,Caloplacapergracilis,T,,,
550,A,1,Minksia,T,T600_A4.1,,
550,A,1,Niebla3,T,T800_A3.5,,
550,A,1,WhiteFoam,T,T550_A1.2,,
550,A,2,Rhizoplaca,T,T800_A1.7,,
550,A,2,Sclerophyton1,T,T800_A1.10,,
550,A,2,YellowRhizocarpon,T,T450_A5.2,,
550,A,3,Candelariella1,1,T800_A2.1,,
550,A,3,Niebla3,T,T800_A3.5,,
550,A,3,Rhizoplaca,T,T800_A1.7,,
550,A,3,Roccellinaterricola,T,,,
550,A,3,TerricolousWhiteCrust,T,T800_A6.2,,
550,A,3,WhiteFoam,T,T550_A1.2,,
550,A,4,Sclerophyton1,T,T800_A1.10,,
550,A,5,Buellia1,T,T550_A11.1,,
550,A,5,Candelariella1,T,T800_A2.1,,
550,A,5,DarkBrownSmear,T,T600_A5.2,,
550,A,5,Sclerophyton1,T,T800_A1.10,,
550,A,6,Candelariella1,T,T800_A2.1,,
550,A,6,TerricolousWhiteCrust,T,T800_A6.2,,
550,A,7,Amigdalaria,T,T800_A6.3,,
550,A,7,Arctothelium,T,T800_A1.8,,
550,A,7,Caloplacataltalensis,T,,,
550,A,7,Candelariella1,T,T800_A2.1,,
550,A,7,DarkBrownSmear,T,T600_A5.2,,
550,A,7,Lepraria1,T,T800_A1.9,,
550,A,7,Minksia,T,T600_A4.1,,
550,A,7,Niebla3,T,T800_A3.5,,
550,A,7,Xanthoria,T,T800_A8.2,,
550,A,8,Arctothelium,T,T800_A1.8,,
550,A,8,Buellia1,T,T550_A11.1,,
550,A,8,GrayRhizocarpon,T,T650_A1.2,,
550,A,8,Xanthoria,T,T800_A8.2,,
550,A,8,YellowConvexBuellia,1,T550_A8.1,,
550,A,9,,,,,
550,A,10,Arctothelium,T,T800_A1.8,,
550,A,10,Buellia1,T,T550_A11.1,,
550,A,11,Arctothelium,T,T800_A1.8,,
550,A,11,Buellia1,T,T550_A11.1,,
550,A,11,Candelariella1,T,T800_A2.1,,
550,A,11,Ramalina,T,T800_A7.1,,
550,A,11,Sclerophyton1,T,T800_A1.10,,
550,A,12,Arctothelium,T,T800_A1.8,,
550,A,13,Arctothelium,T,T800_A1.8,,
550,A,13,Ramalina,T,T800_A7.1,,
550,A,14,,,,,
550,A,15,Ramalina,T,T800_A7.1,,
550,A,16,Arctothelium,T,T800_A1.8,,
550,A,16,Buellia2,T,T800_A1.13,,
550,A,16,DarkGrayRhizocarpon,T,T600_A15.1,,
550,A,16,GrayRhizocarpon,T,T650_A1.2,,
550,A,16,YellowRhizocarpon,T,T450_A5.2,,
550,A,16,YellowRhizocarpon2,T,T550_A16.1,,
550,A,17,Arctothelium,T,T800_A1.8,,
550,A,17,Buellia1,T,T550_A11.1,,
550,A,17,Buellia2,T,T800_A1.13,,
550,A,17,Caloplaca2,T,T450_A2.1,,
550,A,17,GrayRhizocarpon,T,T650_A1.2,,
550,A,17,YellowRhizocarpon,T,T450_A5.2,,
550,A,18,,,,,
550,A,19,,,,,
550,A,20,,,,,
600,A,1,,,,,
600,A,2,TerricolousWhiteCrust,T,T800_A6.2,,
600,A,2,Xanthoria,T,T800_A8.2,,
600,A,3,,,,,
600,A,4,Arctothelium,T,T800_A1.8,,
600,A,4,Minksia,1,T600_A4.1,,
600,A,4,Niebla3,T,T800_A3.5,,
600,A,4,Sclerophyton1,T,T800_A1.10,,
600,A,4,WhiteRhizoPara,T,T850_A10.1,,
600,A,4,YellowRhizocarpon,T,T450_A5.2,,
600,A,5,Arctothelium,T,T800_A1.8,,
600,A,5,Buellia1,T,T550_A11.1,,
600,A,5,Candelariella3,T,T600_A5.1,,
600,A,5,DarkBrownSmear,T,T600_A5.2,,
600,A,5,Sclerophyton1,T,T800_A1.10,,
600,A,6,,,,,
600,A,7,,,,,
600,A,8,Arctothelium,T,T800_A1.8,,
600,A,9,Arctothelium,T,T800_A1.8,,
600,A,9,DarkBrownSmear,T,T600_A5.2,,
600,A,9,YellowRhizocarpon,T,T450_A5.2,,
600,A,10,Arctothelium,T,T800_A1.8,,
600,A,10,Sclerophyton1,T,T800_A1.10,,
600,A,11,,,,,
600,A,12,Arctothelium,1,T800_A1.8,,
600,A,12,Buellia1,T,T550_A11.1,,
600,A,12,Candelariella3,T,T600_A5.1,,
600,A,12,DarkBrownSmear,T,T600_A5.2,,
600,A,12,Ramalina,1,T800_A7.1,,
600,A,12,Sclerophyton1,T,T800_A1.10,,
600,A,12,TinyGreyRhizocarpon,T,T850_A14.2,,
600,A,13,,,,,
600,A,14,Sclerophyton1,T,T800_A1.10,,
600,A,15,Arctothelium,T,T800_A1.8,,
600,A,15,DarkGrayRhizocarpon,T,T600_A15.1,,
600,A,15,GrayRhizocarpon,T,T650_A1.2,,
600,A,15,YellowRhizocarpon,1,T450_A5.2,,
600,A,16,,,,,
600,A,17,,,,,
600,A,18,Buellia1,T,T550_A11.1,,
600,A,18,Sclerophyton1,T,T800_A1.10,,
600,A,19,Arctothelium,T,T800_A1.8,,
600,A,19,DarkBrownSmear,T,T600_A5.2,,
600,A,19,Sclerophyton1,T,T800_A1.10,,
600,A,19,YellowRhizocarpon,T,T450_A5.2,,
600,A,20,Arctothelium,T,T800_A1.8,,
600,A,20,Buellia1,T,T550_A11.1,,
600,A,20,Caloplaca2,T,T450_A2.1,,
600,A,20,ClumpyMustardBuellia,T,T600_A20.1,,
600,A,20,GrayRhizocarpon,T,T650_A1.2,,
600,A,20,Niebla3,T,T800_A3.5,,
600,A,20,YellowRhizocarpon,1,T450_A5.2,,
650,A,1,Arctothelium,T,T800_A1.8,,
650,A,1,BrownConvexBuellia,T,T650_A1.3,,
650,A,1,Caloplacasubhervidela,T,T650_A1.4,,
650,A,1,Candelariella1,1,T800_A2.1,,
650,A,1,Chrysothrix2,1,,,
650,A,1,GrayRhizocarpon,T,T650_A1.2,,
650,A,1,Minksia,T,T600_A4.1,,
650,A,1,Ramalina,T,T800_A7.1,,
650,A,1,Roccellina2,T,,,
650,A,1,Sclerophyton1,T,T800_A1.10,,
650,A,1,TerricolousWhiteCrust,T,T800_A6.2,,
650,A,1,Xanthoria,T,T800_A8.2,,
650,A,1,YellowRhizocarpon,1,T650_A1.1,,
650,A,2,Arctothelium,T,T800_A1.8,,
650,A,2,BrownConvexBuellia,T,T650_A1.3,,
650,A,2,Candelariella1,T,T800_A2.1,,
650,A,2,YellowRhizocarpon,1,T650_A1.1,,
650,A,3,Arctothelium,T,T800_A1.8,,
650,A,3,BrownConvexBuellia,T,T650_A1.3,,
650,A,3,Candelariella1,T,T800_A2.1,,
650,A,3,Candelariella2,T,,,
650,A,3,Chrysothrix2,1,,,
650,A,3,Heterodermia1,T,T800_A1.2,,
650,A,3,Minksia,T,T600_A4.1,,
650,A,3,Ramalina,T,T800_A7.1,,
650,A,3,Roccellinaterricola,T,,,
650,A,4,Arctothelium,T,T800_A1.8,,
650,A,4,Candelariella1,T,T800_A2.1,,
650,A,4,Candelariella2,T,,,
650,A,4,Sclerophyton1,T,T800_A1.10,,
650,A,5,Candelariella2,T,,,
650,A,5,Roccellinaterricola,T,,,
650,A,5,Sclerophyton1,T,T800_A1.10,,
650,A,5,TerricolousWhiteCrust,T,T800_A6.2,,
650,A,5,Xanthoria,T,T800_A8.2,,
650,A,6,Amigdalaria,7,T800_A6.3,,
650,A,6,BrownConvexBuellia,T,T650_A1.3,,
650,A,6,Caloplacapergracilis,T,,,
650,A,6,Candelariella1,T,T800_A2.1,,
650,A,6,Chrysothrix2,T,,,
650,A,6,Minksia,T,T600_A4.1,,
650,A,6,Niebla3,T,T800_A3.5,,
650,A,6,Sclerophyton1,T,T800_A1.10,,
650,A,6,TerricolousWhiteCrust,T,T800_A6.2,,
650,A,7,Arctothelium,T,T800_A1.8,,
650,A,7,Candelariella2,T,,,
650,A,7,Niebla3,T,T800_A3.5,,
650,A,7,Sclerophyton1,T,T800_A1.10,,
650,A,7,TerricolousWhiteCrust,T,T800_A6.2,,
650,A,7,Xanthoria,T,T800_A8.2,,
650,A,8,Amigdalaria,T,T800_A6.3,,
650,A,8,Arctothelium,T,T800_A1.8,,
650,A,8,BrownConvexBuellia,T,T650_A1.3,,
650,A,8,Candelariella1,T,T800_A2.1,,
650,A,8,Chrysothrix2,1,,,
650,A,8,Heterodermia1,T,T800_A1.2,,
650,A,8,Ramalina,T,T800_A7.1,,
650,A,8,YellowRhizocarpon,T,T650_A1.1,,
650,A,9,Arctothelium,T,T800_A1.8,,
650,A,9,BrownConvexBuellia,T,T650_A1.3,,
650,A,9,Caloplaca2,T,T450_A2.1,,
650,A,9,Candelariella1,T,T800_A2.1,,
650,A,9,Ramalina,T,T800_A7.1,,
650,A,9,Sclerophyton1,T,T800_A1.10,,
650,A,9,TerricolousWhiteCrust,T,T800_A6.2,,
650,A,10,Amigdalaria,5,T800_A6.3,,
650,A,10,Arctothelium,T,T800_A1.8,,
650,A,10,Chrysothrix2,1,,,
650,A,10,Heterodermia1,T,T800_A1.2,,
650,A,10,Minksia,T,T600_A4.1,,
650,A,10,Ramalina,T,T800_A7.1,,
650,A,10,Rhizoplaca,T,T800_A1.7,,
650,A,10,Sclerophyton1,T,T800_A1.10,,
650,A,10,Xanthoria,T,T800_A8.2,,
650,A,10,YellowRhizocarpon,1,T650_A1.1,,
650,A,11,Amigdalaria,T,T800_A6.3,,
650,A,11,Arctothelium,1,T800_A1.8,,
650,A,11,BrownConvexBuellia,1,T650_A1.3,,
650,A,11,Chrysothrix2,T,,,
650,A,11,Minksia,T,T600_A4.1,,
650,A,11,Ramalina,T,T800_A7.1,,
650,A,11,Xanthoria,T,T800_A8.2,,
650,A,12,Arctothelium,T,T800_A1.8,,
650,A,12,BrownConvexBuellia,T,T650_A1.3,,
650,A,12,Candelariella1,T,T800_A2.1,,
650,A,12,GrayRhizocarpon,T,T650_A1.2,,
650,A,12,Ramalina,T,T800_A7.1,,
650,A,12,Roccellinaterricola,T,,,
650,A,12,YellowRhizocarpon,T,T650_A1.1,,
650,A,13,Arctothelium,T,T800_A1.8,,
650,A,13,BrownConvexBuellia,T,T650_A1.3,,
650,A,13,Candelariella2,T,,,
650,A,13,GrayRhizocarpon,T,T650_A1.2,,
650,A,13,Ramalina,T,T800_A7.1,,
650,A,13,YellowRhizocarpon,T,T650_A1.1,,
650,A,14,Candelariella1,T,T800_A2.1,,
650,A,14,Minksia,T,T600_A4.1,,
650,A,14,Niebla1,T,T650_A14.1,,
650,A,14,Ramalina,T,T800_A7.1,,
650,A,14,Roccellinaterricola,T,,,
650,A,14,TerricolousWhiteCrust,T,T800_A6.2,,
650,A,14,Xanthoria,T,T800_A8.2,,
650,A,15,Arctothelium,T,T800_A1.8,,
650,A,15,Buellia1,T,T550_A11.1,,
650,A,15,Candelariella2,T,,,
650,A,15,GrayRhizocarpon,T,T650_A1.2,,
650,A,15,Heterodermia1,T,T800_A1.2,,
650,A,15,Ramalina,T,T800_A7.1,,
650,A,15,YellowRhizocarpon,T,T650_A1.1,,
650,A,16,Arctothelium,T,T800_A1.8,,
650,A,16,BrownConvexBuellia,T,T650_A1.3,,
650,A,16,Ramalina,T,T800_A7.1,,
650,A,16,YellowRhizocarpon,1,T650_A1.1,,
650,A,17,Arctothelium,T,T800_A1.8,,
650,A,17,BlackRhizo,T,T650_A17.1,,
650,A,17,Buellia1,T,T550_A11.1,,
650,A,17,Candelariella2,T,,,
650,A,17,GrayRhizocarpon,T,T650_A1.2,,
650,A,17,Ramalina,T,T800_A7.1,,
650,A,17,Roccellinaterricola,T,,,
650,A,17,YellowRhizocarpon,T,T650_A1.1,,
650,A,18,Arctothelium,T,T800_A1.8,,
650,A,19,Arctothelium,T,T800_A1.8,,
650,A,19,Chrysothrix2,T,,,
650,A,19,GrayRhizocarpon,T,T650_A1.2,,
650,A,19,Minksia,2,T600_A4.1,,
650,A,19,Ramalina,T,T800_A7.1,,
650,A,19,YellowRhizocarpon,1,T650_A1.1,,
650,A,20,Arctothelium,T,T800_A1.8,,
650,A,20,GrayRhizocarpon,T,T650_A1.2,,
650,A,20,YellowRhizocarpon,T,T650_A1.1,,
700,A,1,Arctothelium,T,T800_A1.8,,
700,A,1,BrownConvexBuellia,T,T650_A1.3,,
700,A,1,Candelariella1,T,T800_A2.1,,
700,A,1,Chrysothrix2,T,,,
700,A,1,Heterodermia1,T,T800_A1.2,,
700,A,1,Minksia,T,T600_A4.1,,
700,A,2,Amigdalaria,T,T800_A6.3,,
700,A,2,Chrysothrix1,T,T800_A1.1,,
700,A,2,Heterodermia1,T,T800_A1.2,,
700,A,2,Roccellinaterricola,T,,,
700,A,3,Arctothelium,T,T800_A1.8,,
700,A,3,Ramalina,T,T800_A7.1,,
700,A,3,YellowRhizocarpon,T,T650_A1.1,,
700,A,4,BrownConvexBuellia,T,T650_A1.3,,
700,A,4,Heterodermia1,T,T800_A1.2,,
700,A,4,Ramalina,T,T800_A7.1,,
700,A,4,Rhizoplaca,T,T800_A1.7,,
700,A,4,YellowRhizocarpon,T,T650_A1.1,,
700,A,5,Arctothelium,T,T800_A1.8,,
700,A,5,Candelariella1,T,T800_A2.1,,
700,A,5,Heterodermia1,T,T800_A1.2,,
700,A,5,Rhizoplaca,T,T800_A1.7,,
700,A,6,Arctothelium,T,T800_A1.8,,
700,A,6,BrownConvexBuellia,T,T650_A1.3,,
700,A,6,Candelariella1,T,T800_A2.1,,
700,A,6,Candelariella2,T,,,
700,A,6,Heterodermia2,T,T800_A10.1,,
700,A,6,Minksia,T,T600_A4.1,,
700,A,6,Niebla4,T,T850_A6.1,,
700,A,6,Ramalina,T,T800_A7.1,,
700,A,6,Rhizoplaca,T,T800_A1.7,,
700,A,6,Roccellinaterricola,T,,,
700,A,6,TerricolousWhiteCrust,T,T800_A6.2,,
700,A,6,Xanthoria,T,T800_A8.2,,
700,A,6,YellowRhizocarpon,T,T650_A1.1,,
700,A,7,Arctothelium,T,T800_A1.8,,
700,A,7,Caloplacasubhervidela,T,T650_A1.4,,
700,A,7,Candelariella2,T,,,
700,A,7,GrayLepraria,T,,,
700,A,7,GrayRhizocarpon,T,T650_A1.2,,
700,A,7,Heterodermia1,T,T800_A1.2,,
700,A,7,Ramalina,T,T800_A7.1,,
700,A,7,Roccellinaterricola,T,,,
700,A,7,Sclerophyton1,T,T800_A1.10,,
700,A,7,Xanthoria,T,T800_A8.2,,
700,A,7,YellowRhizocarpon,T,T650_A1.1,,
700,A,8,Arctothelium,T,T800_A1.8,,
700,A,8,BrownAspicilia,T,T700_A8.1,,
700,A,8,Roccellinaterricola,T,,,
700,A,8,YellowRhizocarpon,T,T650_A1.1,,
700,A,9,Arctothelium,T,T800_A1.8,,
700,A,9,Candelariella2,T,,,
700,A,9,GrayRhizocarpon,T,T650_A1.2,,
700,A,9,Rhizoplaca,T,T800_A1.7,,
700,A,9,Roccellinaterricola,T,,,
700,A,9,YellowRhizocarpon,T,T650_A1.1,,
700,A,10,Arctothelium,T,T800_A1.8,,
700,A,10,Buellia1,T,T800_A1.6,,
700,A,10,Candelariella2,T,,,
700,A,10,Sclerophyton1,T,T800_A1.10,,
700,A,10,YellowRhizocarpon,T,T650_A1.1,,
700,A,11,Candelariella2,T,,,
700,A,11,Ramalina,T,T800_A7.1,,
700,A,11,Roccellinaterricola,T,,,
700,A,12,Sclerophyton1,T,T800_A1.10,,
700,A,13,Amigdalaria,T,T800_A6.3,,
700,A,13,Arctothelium,T,T800_A1.8,,
700,A,13,BlackRhizo,T,T650_A17.1,,
700,A,13,BrownAspicilia,T,T700_A8.1,,
700,A,13,Candelariella2,T,,,
700,A,13,GrayRhizocarpon,T,T650_A1.2,,
700,A,13,Ramalina,T,T800_A7.1,,
700,A,13,Sclerophyton1,1,T800_A1.10,,
700,A,13,Xanthoria,T,T800_A8.2,,
700,A,13,YellowConvexBuellia,T,T700_A13.1,,
700,A,14,Arctothelium,T,T800_A1.8,,
700,A,14,Caloplacasubhervidela,T,T650_A1.4,,
700,A,14,Candelariella2,T,,,
700,A,14,Heterodermia1,T,T800_A1.2,,
700,A,14,Minksia,T,T600_A4.1,,
700,A,14,Ramalina,T,T800_A7.1,,
700,A,14,Sclerophyton1,1,T800_A1.10,,
700,A,14,Xanthoria,T,T800_A8.2,,
700,A,14,YellowConvexBuellia,T,T700_A13.1,,
700,A,14,YellowRhizocarpon,T,T650_A1.1,,
700,A,15,Amigdalaria,T,T800_A6.3,,
700,A,15,Arctothelium,T,T800_A1.8,,
700,A,15,GrayRhizocarpon,T,T650_A1.2,,
700,A,15,Sclerophyton1,T,T800_A1.10,,
700,A,15,YellowRhizocarpon,T,T650_A1.1,,
700,A,16,Arctothelium,T,T800_A1.8,,
700,A,16,BrownAspicilia,T,T700_A8.1,,
700,A,16,Candelariella1,T,T800_A2.1,,
700,A,16,Ramalina,T,T800_A7.1,,
700,A,16,Sclerophyton1,T,T800_A1.10,,
700,A,17,Amigdalaria,T,T800_A6.3,,
700,A,17,Arctothelium,T,T800_A1.8,,
700,A,17,GrayRhizocarpon,T,T650_A1.2,,
700,A,17,Heterodermia1,T,T800_A1.2,,
700,A,17,Ramalina,T,T800_A7.1,,
700,A,17,Sclerophyton1,T,T800_A1.10,,
700,A,17,YellowRhizocarpon,T,T650_A1.1,,
700,A,18,Arctothelium,T,T800_A1.8,,
700,A,18,Ramalina,T,T800_A7.1,,
700,A,18,Sclerophyton1,T,T800_A1.10,,
700,A,19,Amigdalaria,T,T800_A6.3,,
700,A,19,Minksia,T,T600_A4.1,,
700,A,19,Ramalina,T,T800_A7.1,,
700,A,19,Sclerophyton1,T,T800_A1.10,,
700,A,20,Arctothelium,T,T800_A1.8,,
700,A,20,BrownAspicilia,T,T700_A8.1,,
700,A,20,Caloplaca2,T,T450_A2.1,,
700,A,20,Candelariella1,T,T800_A2.1,,
700,A,20,Rhizoplaca,T,T800_A1.7,,
700,A,20,YellowRhizocarpon,T,T650_A1.1,,
700,A,10b,Arctothelium,T,T800_A1.8,,
700,A,10b,Candelariella1,T,T800_A2.1,,
700,A,10b,Chrysothrix2,T,,,
700,A,10b,GrayRhizocarpon,T,T650_A1.2,,
700,A,10b,GreenBrain,T,T800_A1.11,,
700,A,10b,GreenLepraria,T,,,
700,A,10b,Heterodermia1,T,T800_A1.2,,
700,A,10b,Minksia,T,T600_A4.1,,
700,A,10b,Niebla3,T,T800_A3.5,,
700,A,10b,Ramalina,T,T800_A7.1,,
700,A,10b,Rhizoplaca,T,T800_A1.7,,
700,A,10b,Roccellinaterricola,T,,,
700,A,10b,Sclerophyton1,T,T800_A1.10,,
700,A,10b,TerricolousWhiteCrust,T,T800_A6.2,,
700,A,10b,Xanthoria,T,T800_A8.2,,
700,A,10b,YellowRhizocarpon,T,T650_A1.1,,
700,A,11b,Arctothelium,T,T800_A1.8,,
700,A,11b,Candelariella1,T,T800_A2.1,,
700,A,11b,Chrysothrix2,T,,,
700,A,11b,GrayRhizocarpon,T,T650_A1.2,,
700,A,11b,GreenBrain,T,T800_A1.11,,
700,A,11b,Heterodermia1,T,T800_A1.2,,
700,A,11b,Minksia,T,T600_A4.1,,
700,A,11b,Ramalina,T,T800_A7.1,,
700,A,11b,Rhizoplaca,T,T800_A1.7,,
700,A,11b,Roccellinaterricola,T,,,
700,A,11b,Sclerophyton1,T,T800_A1.10,,
700,A,11b,TerricolousWhiteCrust,T,T800_A6.2,,
700,A,12b,Arctothelium,T,T800_A1.8,,
700,A,12b,Candelariella1,T,T800_A2.1,,
700,A,12b,Chrysothrix2,T,,,
700,A,12b,GrayRhizocarpon,T,T650_A1.2,,
700,A,12b,GreenBrain,T,T800_A1.11,,
700,A,12b,GreenLepraria,T,,,
700,A,12b,Heterodermia1,1,T800_A1.2,,
700,A,12b,Minksia,T,T600_A4.1,,
700,A,12b,Ramalina,1,T800_A7.1,,
700,A,12b,Roccellinaterricola,T,,,
700,A,12b,Sclerophyton1,T,T800_A1.10,,
700,A,12b,TerricolousWhiteCrust,T,T800_A6.2,,
700,A,12b,Xanthoria,T,T800_A8.2,,
700,A,12b,YellowRhizocarpon,T,T650_A1.1,,
700,A,13b,Arctothelium,1,T800_A1.8,,
700,A,13b,Caloplacasubhervidela,T,T650_A1.4,,
700,A,13b,Candelariella1,T,T800_A2.1,,
700,A,13b,Chrysothrix2,T,,,
700,A,13b,GrayRhizocarpon,T,T650_A1.2,,
700,A,13b,Heterodermia1,T,T800_A1.2,,
700,A,13b,Heterodermia2,T,T800_A10.1,,
700,A,13b,Minksia,T,T600_A4.1,,
700,A,13b,Niebla2,T,T800_A1.4,,
700,A,13b,Ramalina,T,T800_A7.1,,
700,A,13b,Rhizoplaca,T,T800_A1.7,,
700,A,13b,Roccellina2,T,,,
700,A,13b,Roccellinaterricola,T,,,
700,A,13b,Sclerophyton1,2,T800_A1.10,,
700,A,13b,TerricolousWhiteCrust,T,T800_A6.2,,
700,A,13b,YellowConvexBuellia,T,T700_A13.1,,
700,A,13b,YellowRhizocarpon,1,T650_A1.1,,
700,A,14b,Arctothelium,T,T800_A1.8,,
700,A,14b,Candelariella1,T,T800_A2.1,,
700,A,14b,Chrysothrix2,T,,,
700,A,14b,GrayRhizocarpon,T,T650_A1.2,,
700,A,14b,GreenBrain,T,T800_A1.11,,
700,A,14b,Minksia,T,T600_A4.1,,
700,A,14b,Ramalina,T,T800_A7.1,,
700,A,14b,Roccellinaterricola,T,,,
700,A,14b,Sclerophyton1,T,T800_A1.10,,
700,A,14b,TerricolousWhiteCrust,T,T800_A6.2,,
700,A,14b,Xanthoria,T,T800_A8.2,,
700,A,15b,Arctothelium,T,T800_A1.8,,
700,A,15b,BrownAspicilia,T,T700_A8.1,,
700,A,15b,Candelariella1,T,T800_A2.1,,
700,A,15b,GrayRhizocarpon,T,T650_A1.2,,
700,A,15b,TerricolousWhiteCrust,T,T800_A6.2,,
700,A,15b,YellowRhizocarpon,T,T650_A1.1,,
700,A,1b,Arctothelium,T,T800_A1.8,,
700,A,1b,BrownAspicilia,T,T700_A8.1,,
700,A,1b,Candelariella1,T,T800_A2.1,,
700,A,1b,Chrysothrix2,1,,,
700,A,1b,GrayIsidiate,1,T800_A17.1,,
700,A,1b,GrayRhizocarpon,T,T650_A1.2,,
700,A,1b,Heterodermia1,T,T800_A1.2,,
700,A,1b,Lepraria1,T,T800_A1.9,,
700,A,1b,Minksia,T,T600_A4.1,,
700,A,1b,Niebla2,T,T800_A1.4,,
700,A,1b,Ramalina,T,T800_A7.1,,
700,A,1b,Sclerophyton1,T,T800_A1.10,,
700,A,1b,TerricolousWhiteCrust,T,T800_A6.2,,
700,A,1b,YellowRhizocarpon,T,T650_A1.1,,
700,A,2b,Amigdalaria,T,T800_A6.3,,
700,A,2b,Arctothelium,T,T800_A1.8,,
700,A,2b,Candelariella1,T,T800_A2.1,,
700,A,2b,Chrysothrix2,T,T800_A14.1,,
700,A,2b,GrayRhizocarpon,T,T650_A1.2,,
700,A,2b,Heterodermia1,T,T800_A1.2,,
700,A,2b,Lepraria1,T,T800_A1.9,,
700,A,2b,Minksia,T,T600_A4.1,,
700,A,2b,Ramalina,T,T800_A7.1,,
700,A,2b,Sclerophyton1,T,T800_A1.10,,
700,A,2b,TerricolousWhiteCrust,T,T800_A6.2,,
700,A,3b,Arctothelium,T,T800_A1.8,,
700,A,3b,Candelariella1,T,T800_A2.1,,
700,A,3b,Chrysothrix1,1,T800_A1.1,,
700,A,3b,Chrysothrix2,T,T800_A14.1,,
700,A,3b,GreenLepraria,2,,,
700,A,3b,Heterodermia1,T,T800_A1.2,,
700,A,3b,Minksia,T,T600_A4.1,,
700,A,3b,Ramalina,T,T800_A7.1,,
700,A,3b,Sclerophyton1,T,T800_A1.10,,
700,A,3b,TerricolousWhiteCrust,T,T800_A6.2,,
700,A,4b,Arctothelium,T,T800_A1.8,,
700,A,4b,Chrysothrix1,T,T800_A1.1,,
700,A,4b,GreenLepraria,T,,,
700,A,4b,Ramalina,T,T800_A7.1,,
700,A,4b,TerricolousWhiteCrust,T,T800_A6.2,,
700,A,5b,Amigdalaria,T,T800_A6.3,,
700,A,5b,Arctothelium,T,T800_A1.8,,
700,A,5b,BrownAspicilia,T,T700_A8.1,,
700,A,5b,Caloplacasubhervidela,T,T650_A1.4,,
700,A,5b,Chrysothrix1,1,T800_A1.1,,
700,A,5b,Chrysothrix2,T,T800_A14.1,,
700,A,5b,GrayRhizocarpon,T,T650_A1.2,,
700,A,5b,GreenBrain,T,T800_A1.11,,
700,A,5b,GreenLepraria,2,,,
700,A,5b,Heterodermia1,T,T800_A1.2,,
700,A,5b,Heterodermia2,T,T800_A10.1,,
700,A,5b,Minksia,T,T600_A4.1,,
700,A,5b,Niebla2,T,T800_A1.4,,
700,A,5b,Ramalina,T,T800_A7.1,,
700,A,5b,Rhizoplaca,T,T800_A1.7,,
700,A,5b,Roccellinaterricola,T,,,
700,A,5b,Sclerophyton1,T,T800_A1.10,,
700,A,5b,TerricolousWhiteCrust,T,T800_A6.2,,
700,A,5b,YellowConvexBuellia,T,T700_A13.1,,
700,A,6b,Arctothelium,T,T800_A1.8,,
700,A,6b,Buellia1,T,T800_A1.6,,
700,A,6b,Candelariella1,T,T800_A2.1,,
700,A,6b,Chrysothrix1,1,T800_A1.1,,
700,A,6b,Chrysothrix2,T,T800_A14.1,,
700,A,6b,GrayRhizocarpon,T,T650_A1.2,,
700,A,6b,GreenBrain,T,T800_A1.11,,
700,A,6b,GreenLepraria,2,,,
700,A,6b,Heterodermia1,T,T800_A1.2,,
700,A,6b,Ramalina,T,T800_A7.1,,
700,A,6b,Roccellina2,T,,,
700,A,6b,Roccellinaterricola,T,,,
700,A,6b,Sclerophyton1,T,T800_A1.10,,
700,A,6b,TerricolousWhiteCrust,T,T800_A6.2,,
700,A,6b,YellowConvexBuellia,T,T700_A13.1,,
700,A,7b,Amigdalaria,T,T800_A6.3,,
700,A,7b,Arctothelium,T,T800_A1.8,,
700,A,7b,Caloplacasubhervidela,T,T650_A1.4,,
700,A,7b,Candelariella1,T,T800_A2.1,,
700,A,7b,Chrysothrix2,1,T800_A14.1,,
700,A,7b,GreenLepraria,T,,,
700,A,7b,Heterodermia1,T,T800_A1.2,,
700,A,7b,Minksia,T,T600_A4.1,,
700,A,7b,Niebla2,1,T800_A1.4,,
700,A,7b,Ramalina,T,T800_A7.1,,
700,A,7b,Roccellinaterricola,T,,,
700,A,7b,Sclerophyton1,1,T800_A1.10,,
700,A,7b,TerricolousWhiteCrust,T,T800_A6.2,,
700,A,7b,WhiteBuellia2,T,T700b_A7.1,,
700,A,7b,Xanthoria,T,T800_A8.2,,
700,A,8b,Arctothelium,T,T800_A1.8,,
700,A,8b,Candelariella1,T,T800_A2.1,,
700,A,8b,Chrysothrix1,T,T800_A1.1,,
700,A,8b,Chrysothrix2,T,T800_A14.1,,
700,A,8b,Heterodermia1,T,T800_A1.2,,
700,A,8b,Niebla2,T,T800_A1.4,,
700,A,8b,Sclerophyton1,T,T800_A1.10,,
700,A,8b,TerricolousWhiteCrust,T,T800_A6.2,,
700,A,9b,Arctothelium,T,T800_A1.8,,
700,A,9b,Buellia1,T,T800_A1.6,,
700,A,9b,Candelariella1,T,T800_A2.1,,
700,A,9b,Chrysothrix2,T,T800_A14.1,,
700,A,9b,Heterodermia1,T,T800_A1.2,,
700,A,9b,Niebla1,1,T650_A14.1,,
700,A,9b,TerricolousWhiteCrust,T,T800_A6.2,,
700,A,9b,YellowRhizocarpon,T,T650_A1.1,,
750,A,1,Arctothelium,T,T800_A1.8,,
750,A,1,BrownAspicilia,T,T700_A8.1,,
750,A,1,Caloplacasubhervidela,T,T650_A1.4,,
750,A,1,Candelariella1,T,T800_A2.1,,
750,A,1,Chrysothrix1,T,T800_A1.1,,
750,A,1,Chrysothrix2,T,T800_A14.1,,
750,A,1,GrayRhizocarpon,T,T650_A1.2,,
750,A,1,GreenBrain,T,T800_A1.11,,
750,A,1,GreenLepraria,2,,,
750,A,1,Heterodermia1,T,T800_A1.2,,
750,A,1,Minksia,T,T600_A4.1,,
750,A,1,Niebla1,T,T650_A14.1,,
750,A,1,Ramalina,T,T800_A7.1,,
750,A,1,Rhizoplaca,T,T800_A1.7,,
750,A,1,Roccellina2,T,,,
750,A,1,Roccellinaterricola,T,,,
750,A,1,TerricolousWhiteCrust,T,T800_A6.2,,
750,A,2,Amigdalaria,T,T800_A6.3,,
750,A,2,Arctothelium,T,T800_A1.8,,
750,A,2,Candelariella1,1,T800_A2.1,,
750,A,2,Chrysothrix2,1,T800_A14.1,,
750,A,2,GrayRhizocarpon,T,T650_A1.2,,
750,A,2,GreenBrain,T,T800_A1.11,,
750,A,2,GreenLepraria,1,,,
750,A,2,Heterodermia1,1,T800_A1.2,,
750,A,2,Niebla1,T,T650_A14.1,,
750,A,2,Niebla2,T,T800_A1.4,,
750,A,2,Niebla3,T,T800_A3.5,,
750,A,2,Ramalina,T,T800_A7.1,,
750,A,2,Rhizoplaca,T,T800_A1.7,,
750,A,2,Sclerophyton1,3,T800_A1.10,,
750,A,2,TerricolousWhiteCrust,T,T800_A6.2,,
750,A,2,YellowRhizocarpon,T,T650_A1.1,,
750,A,3,Amigdalaria,T,T800_A6.3,,
750,A,3,Arctothelium,T,T800_A1.8,,
750,A,3,BrownAspicilia,T,T700_A8.1,,
750,A,3,Candelariella1,1,T800_A2.1,,
750,A,3,Chrysothrix2,1,T800_A14.1,,
750,A,3,GrayRhizocarpon,T,T650_A1.2,,
750,A,3,GreenBrain,T,T800_A1.11,,
750,A,3,GreenLepraria,T,,,
750,A,3,Heterodermia1,T,T800_A1.2,,
750,A,3,Minksia,T,T600_A4.1,,
750,A,3,Niebla2,T,T800_A1.4,,
750,A,3,Ramalina,T,T800_A7.1,,
750,A,3,Rhizoplaca,T,T800_A1.7,,
750,A,3,Sclerophyton1,2,T800_A1.10,,
750,A,3,TerricolousWhiteCrust,T,T800_A6.2,,
750,A,3,WhiteBuellia2,T,T700b_A7.1,,
750,A,3,YellowRhizocarpon,T,T650_A1.1,,
750,A,4,Amigdalaria,T,T800_A6.3,,
750,A,4,Arctothelium,1,T800_A1.8,,
750,A,4,BrownAspicilia,T,T700_A8.1,,
750,A,4,Candelariella1,T,T800_A2.1,,
750,A,4,Chrysothrix2,2,T800_A14.1,,
750,A,4,GrayRhizocarpon,T,T650_A1.2,,
750,A,4,GreenBrain,T,T800_A1.11,,
750,A,4,GreenLepraria,2,,,
750,A,4,Heterodermia1,T,T800_A1.2,,
750,A,4,Niebla1,T,T650_A14.1,,
750,A,4,Niebla2,T,T800_A1.4,,
750,A,4,Ramalina,T,T800_A7.1,,
750,A,4,Rhizoplaca,T,T800_A1.7,,
750,A,4,TerricolousWhiteCrust,T,T800_A6.2,,
750,A,4,WhiteBuellia2,T,T700b_A7.1,,
750,A,4,YellowRhizocarpon,T,T650_A1.1,,
750,A,5,Amigdalaria,T,T800_A6.3,,
750,A,5,Arctothelium,T,T800_A1.8,,
750,A,5,BrownAspicilia,T,T700_A8.1,,
750,A,5,Candelariella1,T,T800_A2.1,,
750,A,5,Chrysothrix2,1,T800_A14.1,,
750,A,5,GreenBrain,T,T800_A1.11,,
750,A,5,GreenLepraria,3,,,
750,A,5,Heterodermia1,T,T800_A1.2,,
750,A,5,Minksia,T,T600_A4.1,,
750,A,5,Minksia,T,T600_A4.1,,
750,A,5,Niebla1,T,T650_A14.1,,
750,A,5,Ramalina,T,T800_A7.1,,
750,A,5,Ramalina,T,T800_A7.1,,
750,A,5,TerricolousWhiteCrust,T,T800_A6.2,,
750,A,5,YellowRhizocarpon,T,T650_A1.1,,
750,A,6,Arctothelium,T,T800_A1.8,,
750,A,6,BrownAspicilia,T,T700_A8.1,,
750,A,6,Candelariella2,T,,,
750,A,6,Chrysothrix2,T,T800_A14.1,,
750,A,6,GrayRhizocarpon,T,T650_A1.2,,
750,A,6,GreenBrain,T,T800_A1.11,,
750,A,6,GreenLepraria,T,,,
750,A,6,Heterodermia1,T,T800_A1.2,,
750,A,6,Heterodermia2,T,T800_A10.1,,
750,A,6,Ramalina,T,T800_A7.1,,
750,A,6,Rhizoplaca,T,T800_A1.7,,
750,A,6,Sclerophyton1,T,T800_A1.10,,
750,A,6,TerricolousWhiteCrust,T,T800_A6.2,,
750,A,7,Arctothelium,T,T800_A1.8,,
750,A,7,BrownAspicilia,T,T700_A8.1,,
750,A,7,Candelariella1,T,T800_A2.1,,
750,A,7,Chrysothrix2,1,T800_A14.1,,
750,A,7,GreenLepraria,3,,,
750,A,7,Heterodermia1,T,T800_A1.2,,
750,A,7,Minksia,T,T600_A4.1,,
750,A,7,Niebla1,T,T650_A14.1,,
750,A,7,Niebla2,T,T800_A1.4,,
750,A,7,Ramalina,T,T800_A7.1,,
750,A,7,Rhizoplaca,T,T800_A1.7,,
750,A,7,Sclerophyton1,1,T800_A1.10,,
750,A,7,TerricolousWhiteCrust,T,T800_A6.2,,
750,A,7,YellowConvexBuellia,T,T700_A13.1,,
750,A,7,YellowRhizocarpon,T,T650_A1.1,,
750,A,8,Amigdalaria,T,T800_A6.3,,
750,A,8,Arctothelium,T,T800_A1.8,,
750,A,8,BrownAspicilia,T,T700_A8.1,,
750,A,8,Candelariella1,T,T800_A2.1,,
750,A,8,Chrysothrix2,T,T800_A14.1,,
750,A,8,GreenLepraria,T,,,
750,A,8,Heterodermia1,T,T800_A1.2,,
750,A,8,Minksia,T,T600_A4.1,,
750,A,8,Ramalina,T,T800_A7.1,,
750,A,8,Roccellinaterricola,T,,,
750,A,8,Sclerophyton1,T,T800_A1.10,,
750,A,8,TerricolousWhiteCrust,T,T800_A6.2,,
750,A,9,Arctothelium,T,T800_A1.8,,
750,A,9,Candelariella1,T,T800_A2.1,,
750,A,9,Chrysothrix2,T,T800_A14.1,,
750,A,9,GreenLepraria,T,,,
750,A,9,Niebla1,T,T650_A14.1,,
750,A,10,Arctothelium,T,T800_A1.8,,
750,A,10,BrownAspicilia,T,T700_A8.1,,
750,A,10,Candelariella1,T,T800_A2.1,,
750,A,10,Chrysothrix2,T,T800_A14.1,,
750,A,10,Heterodermia1,T,T800_A1.2,,
750,A,10,Sclerophyton1,T,T800_A1.10,,
750,A,11,Amigdalaria,T,T800_A6.3,,
750,A,11,Arctothelium,T,T800_A1.8,,
750,A,11,Candelariella1,T,T800_A2.1,,
750,A,11,Chrysothrix2,T,T800_A14.1,,
750,A,11,GreenBrain,T,T800_A1.11,,
750,A,11,Heterodermia1,T,T800_A1.2,,
750,A,11,TerricolousWhiteCrust,T,T800_A6.2,,
750,A,11,Xanthoria,T,T800_A8.2,,
750,A,12,Arctothelium,T,T800_A1.8,,
750,A,12,BrownAspicilia,T,T700_A8.1,,
750,A,12,Candelariella1,T,T800_A2.1,,
750,A,12,GreenBrain,T,T800_A1.11,,
750,A,12,GreenLepraria,T,,,
750,A,12,Heterodermia1,T,T800_A1.2,,
750,A,12,Ramalina,T,T800_A7.1,,
750,A,12,Rhizoplaca,T,T800_A1.7,,
750,A,12,Roccellinaterricola,T,,,
750,A,12,TerricolousWhiteCrust,T,T800_A6.2,,
750,A,12,Xanthoria,T,T800_A8.2,,
750,A,13,Arctothelium,T,T800_A1.8,,
750,A,13,Candelariella1,T,T800_A2.1,,
750,A,13,Candelariella2,T,,,
750,A,13,Chrysothrix2,T,T800_A14.1,,
750,A,13,GreenLepraria,T,,,
750,A,13,Heterodermia1,T,T800_A1.2,,
750,A,13,Ramalina,T,T800_A7.1,,
750,A,13,TerricolousWhiteCrust,T,T800_A6.2,,
750,A,13,Xanthoria,T,T800_A8.2,,
750,A,14,Arctothelium,T,T800_A1.8,,
750,A,14,Candelariella2,T,,,
750,A,14,GreenBrain,T,T800_A1.11,,
750,A,14,GreenLepraria,T,,,
750,A,14,Rhizoplaca,T,T800_A1.7,,
750,A,14,Roccellinaterricola,T,,,
750,A,14,Xanthoria,T,T800_A8.2,,
750,A,15,Arctothelium,T,T800_A1.8,,
750,A,15,BrownAspicilia,T,T700_A8.1,,
750,A,15,Candelariella1,T,T800_A2.1,,
750,A,15,Chrysothrix2,T,T800_A14.1,,
750,A,15,GrayRhizocarpon,T,T650_A1.2,,
750,A,15,GreenBrain,T,T800_A1.11,,
750,A,15,GreenLepraria,T,,,
750,A,15,Heterodermia1,T,T800_A1.2,,
750,A,15,Minksia,T,T600_A4.1,,
750,A,15,Niebla1,T,T650_A14.1,,
750,A,15,Ramalina,T,T800_A7.1,,
750,A,15,Rhizoplaca,T,T800_A1.7,,
750,A,15,Roccellinaterricola,T,,,
750,A,15,Sclerophyton1,T,T800_A1.10,,
750,A,15,TerricolousWhiteCrust,T,T800_A6.2,,
750,A,15,Xanthoria,T,T800_A8.2,,
750,A,16,Arctothelium,T,T800_A1.8,,
750,A,16,Caloplacasubhervidela,T,T650_A1.4,,
750,A,16,Candelariella1,T,T800_A2.1,,
750,A,16,Chrysothrix2,T,T800_A14.1,,
750,A,16,Cyanobacteria,T,T750_16.1,,
750,A,16,GrayRhizocarpon,T,T650_A1.2,,
750,A,16,Heterodermia1,T,T800_A1.2,,
750,A,16,Minksia,T,T600_A4.1,,
750,A,16,Pentagenella,T,T750_16.2,,
750,A,16,Ramalina,T,T800_A7.1,,
750,A,16,Sclerophyton1,T,T800_A1.10,,
750,A,16,TerricolousWhiteCrust,T,T800_A6.2,,
750,A,16,Xanthoria,T,T800_A8.2,,
750,A,17,Arctothelium,T,T800_A1.8,,
750,A,17,Candelariella2,T,,,
750,A,17,Cyanobacteria,T,T750_16.1,,
750,A,17,GreenBrain,T,T800_A1.11,,
750,A,17,Sclerophyton1,T,T800_A1.10,,
750,A,17,TerricolousWhiteCrust,T,T800_A6.2,,
750,A,17,Xanthoria,T,T800_A8.2,,
750,A,18,Amigdalaria,T,T800_A6.3,,
750,A,18,Arctothelium,1,T800_A1.8,,
750,A,18,Candelariella2,T,,,
750,A,18,GraySorAspicilia,T,T750_A18.1,,
750,A,18,GreenBrain,T,T800_A1.11,,
750,A,18,GreenLepraria,T,,,
750,A,18,Heterodermia1,T,T800_A1.2,,
750,A,18,Ramalina,T,T800_A7.1,,
750,A,18,Roccellinaterricola,T,,,
750,A,18,TerricolousWhiteCrust,T,T800_A6.2,,
750,A,18,Xanthoria,T,T800_A8.2,,
750,A,18,YellowRhizocarpon,1,T650_A1.1,,
750,A,19,Arctothelium,T,T800_A1.8,,
750,A,19,Caloplacasubhervidela,1,T650_A1.4,,
750,A,19,Candelariella2,T,,,
750,A,19,Chrysothrix2,T,T800_A14.1,,
750,A,19,GreenBrain,T,T800_A1.11,,
750,A,19,Rhizoplaca,T,T800_A1.7,,
750,A,19,RoccellaFruticose,T,T750_A19.1,,
750,A,19,Roccellinaterricola,T,,,
750,A,19,TerricolousWhiteCrust,T,T800_A6.2,,
750,A,19,Xanthoria,T,T800_A8.2,,
750,A,20,Arctothelium,T,T800_A1.8,,
750,A,20,BrownIsidiate,1,,,
750,A,20,Caloplacasubhervidela,2,T650_A1.4,,
750,A,20,Candelariella2,T,,,
750,A,20,Chrysothrix2,T,T800_A14.1,,
750,A,20,GrayRhizocarpon,T,T650_A1.2,,
750,A,20,Heterodermia1,T,T800_A1.2,,
750,A,20,Ramalina,T,T800_A7.1,,
750,A,20,Sclerophyton1,2,T800_A1.10,,
750,A,20,TerricolousWhiteCrust,T,T800_A6.2,,
750,A,20,Xanthoria,T,T800_A8.2,,
750,A,20,YellowRhizocarpon,T,T650_A1.1,,
800,A,1,Arctothelium,T,T800_A1.8,,
800,A,1,BrownSor,2,T800_A1.5,,
800,A,1,Buellia1,T,T800_A1.6,,
800,A,1,Buellia2,T,T800_A1.13,,
800,A,1,Caloplaca1,T,T800_A1.12,,
800,A,1,Chrysothrix1,1,T800_A1.1,,
800,A,1,GreenBrain,T,T800_A1.11,,
800,A,1,Heterodermia1,1,T800_A1.2,,
800,A,1,Lepraria1,2,T800_A1.9,,
800,A,1,Niebla1,T,T800_A1.3,,
800,A,1,Niebla2,T,T800_A1.4,,
800,A,1,Rhizoplaca,T,T800_A1.7,,
800,A,1,Sclerophyton1,T,T800_A1.10,,
800,A,2,Arctothelium,T,T800_A1.8,,
800,A,2,Buellia2,T,T800_A1.13,,
800,A,2,Buellia3,T,T800_A2.2,,
800,A,2,Candelariella1,T,T800_A2.1,,
800,A,2,Chrysothrix1,T,T800_A1.1,,
800,A,2,Heterodermia1,T,T800_A1.2,,
800,A,2,GrayLepraria,1,,,
800,A,2,Niebla2,T,T800_A1.4,,
800,A,2,Rhizoplaca,T,T800_A1.7,,
800,A,2,Sclerophyton1,T,T800_A1.10,,
800,A,3,Buellia2,T,T800_A1.13,,
800,A,3,Candelariella1,T,T800_A2.1,,
800,A,3,Chrysothrix1,T,T800_A1.1,,
800,A,3,GrayCrust1,T,T800_A3.4,,
800,A,3,Heterodermia1,T,T800_A1.2,,
800,A,3,Lepraria1,1,T800_A1.9,,
800,A,3,Niebla1,T,T800_A1.3,,
800,A,3,Niebla3,T,T800_A3.5,,
800,A,3,Rhizoplaca,T,T800_A1.7,,
800,A,3,Sclerophyton1,1,T800_A1.10,,
800,A,3,Sclerophyton2,T,T800_A3.2,,
800,A,3,TerricolousWhiteCrust,T,T800_A3.1,,
800,A,3,YellowCrust1,T,T800_a3.3,,
800,A,4,Arctothelium,T,T800_A1.8,,
800,A,4,Buellia1,1,T800_A1.6,,
800,A,4,Candelariella1,2,T800_A2.1,,
800,A,4,Chrysothrix1,T,T800_A1.1,,
800,A,4,Heterodermia1,T,T800_A1.2,,
800,A,4,Lepraria1,1,T800_A1.9,,
800,A,4,Niebla2,T,T800_A1.4,,
800,A,4,Rhizoplaca,T,T800_A1.7,,
800,A,4,TerricolousWhiteCrust,T,T800_A3.1,,
800,A,5,Arctothelium,T,T800_A1.8,,
800,A,5,Caloplaca2,T,T450_A2.1,,
800,A,5,Candelariella1,T,T800_A2.1,,
800,A,5,Chrysothrix1,T,T800_A1.1,,
800,A,5,Heterodermia1,T,T800_A1.2,,
800,A,5,Lepraria1,1,T800_A1.9,,
800,A,5,TerricolousWhiteCrust,T,T800_A6.2,,
800,A,6,Amigdalaria,1,T800_A6.3,,
800,A,6,Arctothelium,T,T800_A1.8,,
800,A,6,BrownSor,5,T800_A6.1,,
800,A,6,Buellia2,T,T800_A1.13,,
800,A,6,Candelariella1,T,T800_A2.1,,
800,A,6,Chrysothrix1,1,T800_A1.1,,
800,A,6,GreenBrain,T,T800_A1.11,,
800,A,6,Heterodermia1,T,T800_A1.2,,
800,A,6,Minksia,T,T800_A6.4,,
800,A,6,Niebla2,T,T800_A1.4,,
800,A,6,Rhizoplaca,T,T800_A1.7,,
800,A,7,Arctothelium,T,T800_A1.8,,
800,A,7,Buellia2,T,T800_A1.13,,
800,A,7,Candelariella1,1,T800_A2.1,,
800,A,7,Chrysothrix1,T,T800_A1.1,,
800,A,7,Heterodermia1,T,T800_A1.2,,
800,A,7,Lepraria1,2,T800_A1.9,,
800,A,7,Niebla1,T,T800_A1.3,,
800,A,7,Ramalina,T,T800_A7.1,,
800,A,7,Rhizoplaca,T,T800_A1.7,,
800,A,7,TerricolousWhiteCrust,T,T800_A6.2,,
800,A,8,Arctothelium,T,T800_A1.8,,
800,A,8,BrownCrust1,T,T800_A8.1,,
800,A,8,Candelariella1,2,T800_A2.1,,
800,A,8,Heterodermia1,T,T800_A1.2,,
800,A,8,Lepraria1,T,T800_A1.9,,
800,A,8,Rhizoplaca,T,T800_A1.7,,
800,A,8,TerricolousWhiteCrust,T,T800_A6.2,,
800,A,8,Xanthoria,T,T800_A8.2,,
800,A,9,Arctothelium,T,T800_A1.8,,
800,A,9,Buellia2,T,T800_A1.13,,
800,A,9,Candelariella1,1,T800_A2.1,,
800,A,9,Chrysothrix1,T,T800_A1.1,,
800,A,9,Heterodermia1,T,T800_A1.2,,
800,A,9,Lepraria1,1,T800_A1.9,,
800,A,9,Ramalina,T,T800_A7.1,,
800,A,9,Rhizoplaca,T,T800_A1.7,,
800,A,9,TerricolousWhiteCrust,1,T800_A6.2,,
800,A,9,Xanthoria,T,T800_A8.2,,
800,A,10,Arctothelium,T,T800_A1.8,,
800,A,10,BrownCrust1,T,T800_A8.1,,
800,A,10,Candelariella1,T,T800_A2.1,,
800,A,10,Chrysothrix1,T,T800_A1.1,,
800,A,10,GreenBrain,T,T800_A1.11,,
800,A,10,Heterodermia1,T,T800_A1.2,,
800,A,10,Heterodermia2,T,T800_A10.1,,
800,A,10,Minksia,T,T800_A6.4,,
800,A,10,Niebla1,T,T800_A1.3,,
800,A,10,Niebla2,T,T800_A1.4,,
800,A,10,Ramalina,T,T800_A7.1,,
800,A,10,Rhizoplaca,T,T800_A1.7,,
800,A,10,TerricolousWhiteCrust,T,T800_A6.2,,
800,A,10,UsneaRubicunda,T,T800_A10.2,,
800,A,10,Xanthoria,T,T800_A8.2,,
800,A,11,Arctothelium,T,T800_A1.8,,
800,A,11,BrownSor,1,T800_A6.1,,
800,A,11,Buellia2,T,T800_A1.13,,
800,A,11,Candelariella1,1,T800_A2.1,,
800,A,11,Chrysothrix1,T,T800_A1.1,,
800,A,11,GrayCrust1,T,T800_A3.4,,
800,A,11,GreenBrain,T,T800_A1.11,,
800,A,11,Heterodermia1,1,T800_A1.2,,
800,A,11,Lepraria1,1,T800_A1.9,,
800,A,11,Niebla2,1,T800_A1.4,,
800,A,11,Niebla3,T,T800_A3.5,,
800,A,11,Ramalina,T,T800_A7.1,,
800,A,11,Rhizoplaca,T,T800_A1.7,,
800,A,11,Sclerophyton1,1,T800_A1.10,,
800,A,11,TerricolousWhiteCrust,T,T800_A6.2,,
800,A,11,Xanthoria,T,T800_A8.2,,
800,A,12,Candelariella1,1,T800_A2.1,,
800,A,12,Chrysothrix1,T,T800_A1.1,,
800,A,12,GreenBrain,T,T800_A1.11,,
800,A,12,Heterodermia1,T,T800_A1.2,,
800,A,12,Lepraria1,1,T800_A1.9,,
800,A,12,Niebla1,T,T800_A1.3,,
800,A,12,Ramalina,T,T800_A7.1,,
800,A,12,Rhizoplaca,T,T800_A1.7,,
800,A,12,TerricolousWhiteCrust,T,T800_A6.2,,
800,A,12,Xanthoria,T,T800_A8.2,,
800,A,13,Amigdalaria,T,T800_A6.3,,
800,A,13,Arctothelium,1,T800_A1.8,,
800,A,13,BrownCrust1,T,T800_A8.1,,
800,A,13,Candelariella1,T,T800_A2.1,,
800,A,13,Chrysothrix1,T,T800_A1.1,,
800,A,13,Heterodermia1,T,T800_A1.2,,
800,A,13,Lepraria1,T,T800_A1.9,,
800,A,13,Niebla2,T,T800_A1.4,,
800,A,13,Niebla3,T,T800_A3.5,,
800,A,13,Ramalina,T,T800_A7.1,,
800,A,13,Rhizoplaca,T,T800_A1.7,,
800,A,13,TerricolousWhiteCrust,1,T800_A6.2,,
800,A,13,YellowCrust1,T,T800_a3.3,,
800,A,14,Arctothelium,T,T800_A1.8,,
800,A,14,BrownCrust1,T,T800_A8.1,,
800,A,14,BrownSor,T,T800_A6.1,,
800,A,14,Candelariella1,1,T800_A2.1,,
800,A,14,Chrysothrix1,T,T800_A1.1,,
800,A,14,Chrysothrix2,1,T800_A14.1,,
800,A,14,GrayCrust1,T,T800_A3.4,,
800,A,14,Heterodermia1,T,T800_A1.2,,
800,A,14,Heterodermia2,1,T800_A10.1,,
800,A,14,Lepraria1,2,T800_A1.9,,
800,A,14,Niebla1,1,T800_A1.3,,
800,A,14,Ramalina,T,T800_A7.1,,
800,A,14,Rhizoplaca,T,T800_A1.7,,
800,A,14,Sclerophyton1,2,T800_A1.10,,
800,A,14,TerricolousWhiteCrust,T,T800_A6.2,,
800,A,15,Arctothelium,1,T800_A1.8,,
800,A,15,Aspicilia1,T,T800_A15.1,,
800,A,15,BrownCrust1,2,T800_A8.1,,
800,A,15,BrownSor,1,T800_A6.1,,
800,A,15,Buellia2,1,T800_A1.13,,
800,A,15,Candelariella1,1,T800_A2.1,,
800,A,15,Chrysothrix1,1,T800_A1.1,,
800,A,15,Chrysothrix2,1,T800_A14.1,,
800,A,15,Heterodermia1,T,T800_A1.2,,
800,A,15,Heterodermia2,T,T800_A10.1,,
800,A,15,Lepraria1,T,T800_A1.9,,
800,A,15,Niebla1,T,T800_A1.3,,
800,A,15,Niebla2,T,T800_A1.4,,
800,A,16,Arctothelium,T,T800_A1.8,,
800,A,16,Aspicilia1,T,T800_A15.1,,
800,A,16,BrownCrust1,1,T800_A8.1,,
800,A,16,BrownSor,3,T800_A6.1,,
800,A,16,Candelariella1,1,T800_A2.1,,
800,A,16,Chrysothrix1,1,T800_A1.1,,
800,A,16,Chrysothrix2,3,T800_A14.1,,
800,A,16,Heterodermia1,T,T800_A1.2,,
800,A,16,Heterodermia2,1,T800_A10.1,,
800,A,16,Niebla1,1,T800_A1.3,,
800,A,16,Niebla2,2,T800_A1.4,,
800,A,16,Ramalina,T,T800_A7.1,,
800,A,16,Rhizoplaca,T,T800_A1.7,,
800,A,16,Sclerophyton2,1,T800_A3.2,,
800,A,16,YellowCrust1,2,T800_a3.3,,
800,A,17,Arctothelium,T,T800_A1.8,,
800,A,17,BrownSor,1,T800_A6.1,,
800,A,17,Buellia2,T,T800_A1.13,,
800,A,17,Candelariella1,T,T800_A2.1,,
800,A,17,Chrysothrix2,T,T800_A14.1,,
800,A,17,GrayIsidiate,T,T800_A17.1,,
800,A,17,Heterodermia2,T,T800_A10.1,,
800,A,17,Niebla1,T,T800_A1.3,,
800,A,17,TerricolousWhiteCrust,T,T800_A6.2,,
800,A,18,Amigdalaria,T,T800_A6.3,,
800,A,18,Arctothelium,1,T800_A1.8,,
800,A,18,Candelariella1,T,T800_A2.1,,
800,A,18,Chrysothrix2,T,T800_A14.1,,
800,A,18,GrayRhizocarpon,T,T800_T18.1,,
800,A,18,Heterodermia1,T,T800_A1.2,,
800,A,18,Heterodermia2,1,T800_A10.1,,
800,A,18,Lepraria1,T,T800_A1.9,,
800,A,18,Niebla1,T,T800_A1.3,,
800,A,18,Ramalina,T,T800_A7.1,,
800,A,18,Rhizoplaca,T,T800_A1.7,,
800,A,18,TerricolousWhiteCrust,1,T800_A6.2,,
800,A,18,Xanthoria,1,T800_A8.2,,
800,A,18,YellowCrust1,1,T800_a3.3,,
800,A,19,Arctothelium,1,T800_A1.8,,
800,A,19,BrownCrust1,T,T800_A8.1,,
800,A,19,Candelariella1,T,T800_A2.1,,
800,A,19,Chrysothrix2,T,T800_A14.1,,
800,A,19,Heterodermia1,T,T800_A1.2,,
800,A,19,Heterodermia2,T,T800_A10.1,,
800,A,19,TerricolousWhiteCrust,T,T800_A6.2,,
800,A,19,Xanthoria,T,T800_A8.2,,
800,A,20,Arctothelium,T,T800_A1.8,,
800,A,20,Candelariella1,T,T800_A2.1,,
800,A,20,GreenBrain,T,T800_A20.1?,,
800,A,20,Heterodermia1,T,T800_A1.2,,
800,A,20,Ramalina,1,T800_A7.1,,
800,A,20,TerricolousWhiteCrust,T,T800_A6.2,,
850,A,1,Arctothelium,T,T800_A1.8,,
850,A,2,Arctothelium,T,T800_A1.8,,
850,A,2,Sclerophyton1,1,T800_A1.10,,
850,A,3,Arctothelium,T,T800_A1.8,,
850,A,3,Rhizoplaca,T,T800_A1.7,,
850,A,3,YellowRhizocarpon,T,T650_A1.1,,
850,A,4,Ramalina,T,T800_A7.1,,
850,A,4,Sclerophyton1,T,T800_A1.10,,
850,A,5,Arctothelium,T,T800_A1.8,,
850,A,5,Sclerophyton2,1,T800_A3.2,,
850,A,6,Arctothelium,T,T800_A1.8,,
850,A,6,Niebla4,1,T850_A6.1,,
850,A,6,Sclerophyton1,1,T800_A1.10,,
850,A,6,YellowRhizocarpon,T,T650_A1.1,,
850,A,7,Arctothelium,1,T800_A1.8,,
850,A,7,Candelariella1,T,T800_A2.1,,
850,A,7,Niebla4,T,T850_A6.1,,
850,A,7,PaleRhizocarpon,T,T6850_A7.1,,
850,A,7,Sclerophyton1,2,T800_A1.10,,
850,A,8,Arctothelium,T,T800_A1.8,,
850,A,8,Aspicilia1,T,T850_A8.1,,
850,A,8,Buellia1,T,T800_A1.6,,
850,A,8,Niebla4,1,T850_A6.1,,
850,A,8,Rhizoplaca,T,T800_A1.7,,
850,A,8,Sclerophyton1,2,T800_A1.10,,
850,A,8,WhiteSorAreol,1,T850_A8.2,,
850,A,8,YellowRhizocarpon,T,T650_A1.1,,
850,A,9,Amigdalaria,T,T800_A6.3,,
850,A,9,Arctothelium,T,T800_A1.8,,
850,A,9,Buellia1,10,T800_A1.6,,
850,A,9,Buellia2,T,T800_A1.13,,
850,A,9,Candelariella1,T,T800_A2.1,,
850,A,9,Heterodermia2,1,T800_A10.1,,
850,A,9,Pyrenodesmia,T,T850_A9.1,,
850,A,9,Ramalina,T,T800_A7.1,,
850,A,9,Sclerophyton1,3,T800_A1.10,,
850,A,9,YellowRhizocarpon,T,T650_A1.1,,
850,A,10,Arctothelium,T,T800_A1.8,,
850,A,10,Buellia1,1,T800_A1.6,,
850,A,10,Buellia2,T,T800_A1.13,,
850,A,10,Sclerophyton1,2,T800_A1.10,,
850,A,10,WhiteRhizoPara,1,T850_A10.1,,
850,A,11,Amigdalaria,1,T800_A6.3,,
850,A,11,Arctothelium,1,T800_A1.8,,
850,A,11,Buellia1,T,T800_A1.6,,
850,A,11,Candelariella1,T,T800_A2.1,,
850,A,11,Niebla4,T,T850_A6.1,,
850,A,11,Pyrenodesmia,T,T850_A9.1,,
850,A,11,Sclerophyton1,3,T800_A1.10,,
850,A,11,YellowRhizocarpon,T,T650_A1.1,,
850,A,12,Arctothelium,T,T800_A1.8,,
850,A,12,Sclerophyton2,1,T800_A3.2,,
850,A,12,YellowRhizocarpon,T,T650_A1.1,,
850,A,13,Arctothelium,T,T800_A1.8,,
850,A,13,Pyrenodesmia,T,T850_A9.1,,
850,A,13,RoccellinaCereb,T,T850_A13.1,,
850,A,13,Sclerophyton1,2,T800_A1.10,,
850,A,13,WhiteRhizoPara,T,T850_A10.1,,
850,A,13,YellowRhizocarpon,T,T650_A1.1,,
850,A,14,Arctothelium,T,T800_A1.8,,
850,A,14,Buellia1,8,T800_A1.6,,
850,A,14,Buellia2,T,T800_A1.13,,
850,A,14,Candelariella1,T,T800_A2.1,,
850,A,14,GraySorRhizocarpon,T,T850_A14.1,,
850,A,14,Heterodermia2,3,T800_A10.1,,
850,A,14,Niebla3,T,T800_A3.5,,
850,A,14,Niebla4,T,T850_A6.1,,
850,A,14,Pyrenodesmia,T,T850_A9.1,,
850,A,14,Ramalina,T,T800_A7.1,,
850,A,14,Sclerophyton1,4,T800_A1.10,,
850,A,14,TinyGreyRhizocarpon,T,T850_A14.2,,
850,A,14,WhiteSorAreol,5,T850_A8.2,,
850,A,14,YellowRhizocarpon,1,T650_A1.1,,
850,A,15,Arctothelium,T,T800_A1.8,,
850,A,15,Sclerophyton1,2,T800_A1.10,,
850,A,15,YellowRhizocarpon,T,T650_A1.1,,
850,A,16,Arctothelium,T,T800_A1.8,,
850,A,16,Buellia1,T,T800_A1.6,,
850,A,16,Candelariella1,T,T800_A2.1,,
850,A,16,Niebla4,T,T850_A6.1,,
850,A,16,Sclerophyton1,2,T800_A1.10,,
850,A,16,YellowRhizocarpon,1,T650_A1.1,,
850,A,17,Arctothelium,T,T800_A1.8,,
850,A,17,Buellia1,1,T800_A1.6,,
850,A,17,GraySorRhizocarpon,T,T850_A14.1,,
850,A,17,Nieblavagans,T,T850_A17.1,,
850,A,17,Sclerophyton1,2,T800_A1.10,,
850,A,18,Arctothelium,T,T800_A1.8,,
850,A,18,Buellia1,T,T800_A1.6,,
850,A,18,Endolithic,T,T850_A18.1,,
850,A,18,Heterodermia2,T,T800_A10.1,,
850,A,18,Nieblavagans,T,T850_A17.1,,
850,A,18,Sclerophyton1,T,T800_A1.10,,
850,A,18,Sclerophyton2,1,T800_A3.2,,
850,A,18,YellowRhizocarpon,T,T650_A1.1,,
850,A,19,Arctothelium,T,T800_A1.8,,
850,A,19,Buellia1,T,T800_A1.6,,
850,A,19,Candelariella1,T,T800_A2.1,,
850,A,19,Niebla4,T,T850_A6.1,,
850,A,19,Nieblavagans,T,T850_A17.1,,
850,A,19,Ramalina,T,T800_A7.1,,
850,A,19,Sclerophyton2,2,T800_A3.2,,
850,A,19,TinyGreyRhizocarpon,T,T850_A14.2,,
850,A,20,Arctothelium,T,T800_A1.8,,
850,A,20,Buellia1,T,T800_A1.6,,
850,A,20,Nieblavagans,T,T850_A17.1,,
850,A,20,Ramalina,T,T800_A7.1,,
850,A,20,Sclerophyton1,2,T800_A1.10,,
850,A,20,YellowRhizocarpon,T,T650_A1.1,,
,,,,,,,
700,B,1,Caljorgensis,T,TB700.1.1,Caloplaca jorgensis,
700,B,1,LirRhizocarpon,6,TB700.1.2,Lirellate Rhizocarpon,
700,B,1,ManilaRoccellina,4,TB700.1.4,"Manila Roccellina, pruinose punctiform lirellae when young",
700,B,1,WhiteBlackLecideateRoccellina,T,TB700.1.5,"White, black lecideine ring elevated apothecia, elongated paothecia, light pruina on disk",
700,B,1,BuellaJorgensis,T,TB700.1.6,"Yellow, black-bluish convex apos, aereloate, no prothallus",
700,B,1,ManilaSegmentedApoHyperbullateRoccellina,T,TB700.1.7,Manila segmented sunken apothecia hyperbullata Roccellina,
700,B,1,RamalinaSolid,T,TB700.1.8,Ramalina solid few pseudocypellae,
700,B,1,MicrobullateShitBrownBuellia,T,TB700.1.9,microbullate shit brown Buellia,
700,B,1,MinksiaSax,T,TB700.1.10,Minksia on rock,
700,B,1,SorediateTipRamalina,T,TB700.1.11,sorediate tip Ramalina small narrow,
700,B,1,Chrysothrix,T,TB700.1.12,Chrysothrix,
700,B,1,ApotheciateCerebriformis,1,TB700.1.13,Apotheciate cerebriformis,
700,B,1,MinksiaTwig,T,TB700.1.11,Minksia on twig,
700,B,1,VapoWhiteRidged,T,TB700.1.14,very apotheciate crenulate white ridged,
700,B,2,HetFoll,4,TB700.2.1,Heterodermia folmanii sorediate  some laminal ciliae,
700,B,2,Chrysothrix,1,TB700.1.12,,
700,B,2,AspiciliaStrigata,T,TB700.2.2,Aspicilia strigata shiny brown aerolaes epinecral black prothallus,
700,B,2,BuellaJorgensis,3,TB700.1.6,,
700,B,2,XanthoriaAscendens,1,TB700.2.3,Xanthoria ascendens,
700,B,2,WhiteStipBuellia,2,TB700.2.4,White erumpent-stipitate apothecia Buellia,
700,B,2,FineFlattenedNiebla,T,TB700.2.5,Niebla nashii flattened finely dissected,
700,B,2,NieblaGranulans,2,TB700.2.6,Niebla granulans terete fine,
700,B,2,MinksiaSax,T,TB700.1.10,,
700,B,2,ManilaSegmentedApoHyperbullateRoccellina,T,TB700.1.7,,
700,B,2,SorediateAmygdalaria,12,TB700.2.7,sorediate Amygdalaria,
700,B,2,BrownSmoothAspicilia,T,TB700.2.8,brown smooth rimose Aspicilia shitsmear,
700,B,2,BlackRugosePlacynthiella,T,TB700.2.9,Black rugose black apothecia lecideine,
700,B,2,Pentagenella,T,TB700.2.10,Pentagenella gracillima,
700,B,2,LirRhizocarpon,5,TB700.1.2,,DSC3979
700,B,2,HetLeucomelos,T,TB700.2.11,Heterodermia leucomelos,
700,B,2,BluishApoToninia,3,TB700.2.12,Toninia bluish pruinose apos white bullate thallus,
700,B,2,HyperIsidiateNiebla,T,TB700.2.13,terete isiadiate Niebla unbranched,
700,B,2,SorMarginsRamalina,T,TB700.2.14,Ramalina sorediate margins fine,
700,B,3,Pentagenella,6,TB700.2.10,,
700,B,3,Chrysothrix,3,TB700.1.12,,
700,B,3,BrownSmoothAspicilia,1,TB700.2.8,,
700,B,3,HetFoll,1,TB700.2.1,,
700,B,3,HyperIsidiateNiebla,1,TB700.2.13,,
700,B,3,NieblaGranulans,3,TB700.2.6,,
700,B,3,MinksiaSax,1,TB700.1.10,,
700,B,3,BuellaJorgensis,2,TB700.1.6,,
700,B,3,Caljorgensis,T,TB700.1.1,,
700,B,3,ManilaSegmentedApoHyperbullateRoccellina,4,TB700.1.7,,
700,B,3,BlackRugosePlacynthiella,2,TB700.2.9,,
700,B,3,ManilaBacidia,5,TB700.3.1,Bacidia manila,
700,B,3,XanthoriaAscendens,T,TB700.2.3,,
700,B,3,SorediateAmygdalaria,1,TB700.2.7,,
700,B,3,YelRhizocarponSchizidia,T,TB700.3.2,Yellow Rhizocarpon with schizidia,
700,B,3,WhiteTinyBlackApoRhizo,1,TB700.3.3,White tiny black apothecia Rhizocarpn,
700,B,3,SorMarginsRamalina,T,TB700.2.14,,
700,B,3,TinyGrayRhizo,T,TB700.3.4,Tiny gray Rhizocarpon,
700,B,3,BluishApoToninia,T,TB700.2.12,,
700,B,3,MicrobullateShitBrownBuellia,T,TB700.1.9,,
700,B,3,LirRhizocarpon,3,TB700.1.2,,
700,B,3,Trentepohlia,T,no coll,Trentepohlia free living,
700,B,3,Rinodina,4,TB700.3.6,Rinodina,
700,B,3,FlattenedLepro,T,TB700.3.7,Flattened Leprocaulon,
700,B,3,ContortedPentagenella,T,TB700.3.5,contorted gray-brown Pentagenella,
700,B,3,RamalinaSolid,1,TB700.1.8,,
700,B,4,NieblaCeruchis,1,T700.4.1,Niebla ceruchis faveolate,
700,B,4,Chrysothrix,T,TB700.1.12,,
700,B,4,TinyGrayRhizocarpon,T,TB700.3.4,,
700,B,4,SorediateAmygdalaria,5,TB700.2.7,,
700,B,4,WhiteStipBuellia,T,TB700.2.4,,
700,B,4,EpinecralAspicilia,2,TB700.4.2,Off-white epinecral layer Aspicilia,
700,B,4,SandArthonia,T,TB700.6.1,sand Arthonia,
700,B,4,YelRhizocarponSchizidia,T,TB700.3.2,,
700,B,4,StipLecBlaApoWhite,6,TB700.4.4,stipitate lecanorine black apothecia white thallus,
700,B,4,MinksiaSax,T,TB700.1.10,,
700,B,4,HyperIsidiateNiebla,T,TB700.2.13,,
700,B,5,Arctothelium,T,TB700.5.1,Arctothelium,
700,B,5,YelRhizocarponSchizidia,T,TB700.3.2,,
700,B,5,SorediateAmygdalaria,2,TB700.2.7,,
700,B,5,TinyOliveRhizo,T,TB700.5.2,Tiny olive Rhizocarpon,
700,B,5,Chrysothrix,T,TB700.1.12,,
700,B,6,Chrysothrix,T,TB700.1.12,,
700,B,6,HetLeucomelos,T,TB700.2.11,,
700,B,6,HyperIsidiateNiebla,T,TB700.2.13,,
700,B,6,EpinecralAspicilia,2,TB700.4.2,,
700,B,6,YelRhizocarponSchizidia,T,TB700.3.2,,
700,B,6,MinksiaSax,T,TB700.1.10,,
700,B,6,WhiteBlackLecideateRoccellina,T,TB700.1.5,,
700,B,6,ManilaBacidia,1,TB700.3.1,,
700,B,6,StipLecBlaApoWhite,T,TB700.4.4,,
700,B,6,HetFoll,T,TB700.2.1,,
700,B,6,RoccellinaBallena,2,TB700.6.2,finned sunken apothecia lirelloid Roccellina ballena,
700,B,7,Chrysothrix,T,TB700.1.12,,
700,B,8,HetLeucomelos,T,TB700.2.11,,
700,B,8,Arctothelium,T,TB700.5.1,,
700,B,8,TinyGrayRhizo,T,TB700.3.4,,
700,B,8,YelRhizocarponSchizidia,T,TB700.3.2,,
700,B,9,Arctothelium,T,TB700.5.1,,
700,B,9,YelRhizocarponSchizidia,1,TB700.3.2,,
700,B,9,Chrysothrix,T,TB700.1.12,,
700,B,9,EndolithicBuellia,T,TB700.9.1,Pseudo-endolithic Buellia,
700,B,10,EndolithicBuellia,T,TB700.9.1,,
700,B,10,HetLeucomelos,T,TB700.2.11,,
700,B,10,XanthoriaAscendens,T,TB700.2.3,,
700,B,10,YelRhizocarponSchizidia,T,TB700.3.2,,
700,B,10,TinyGrayRhizo,T,TB700.3.4,,
700,B,10,RamalinaVAver,3,TB700.10.1,Ramalina med-wide lobes smooth fertile bushy,
700,B,10,UsneaRubicunda,T,TB700.10.2,Usnea cf rubicunda,
700,B,10,Arctothelium,T,TB700.5.1,,
700,B,10,AspiciliaStrigata,T,TB700.2.2,,
700,B,10,YelRhizoFlatBlackApo,1,TB700.10.3,Yellow Rhizocarpon flat black apothecia,
300,B,1,CaloOrtho,T,TB300.1.1,Caloplaca orthoclada,
300,B,1,RoccCereb,2,TB300.1.2,Roccellina cerebriformis,
300,B,2,,,,,
300,B,3,,,,,
300,B,4,CaloOrtho,T,TB300.1.1,,
300,B,5,,,,,
300,B,6,,,,,
300,B,7,CaloOrtho,T,TB300.1.1,,
300,B,8,,,,,
300,B,9,,,,,
300,B,10,,,,,
400,B,1,CaloOrtho,7,TB400.1.1,Caloplaca orthoclada,
400,B,1,YelRhizoNoSchiz,T,TB400.1.2,Yellow Rhizocarpon no schizidia,
400,B,1,BlackStipCren,15,TB400.1.3,Black stipitate apothecia crenulate visible proper margin ,
400,B,1,Finlike,1,TB400.1.4,Fin-like large cerebriformis,
400,B,1,Minksia,T,TB400.1.6,Minksia,
400,B,1,RoccCereb,1,TB400.1.5,Roccellina cerebriformis,
400,B,1,BlackStipNonCren,12,TB400.1.7,Black stipitate apothecia non-crenulate,
400,B,2,RoccCereb,T,TB400.1.5,,
400,B,2,BlackStipCren,4,TB400.1.3,,
400,B,2,BlackStipNonCren,T,TB400.1.7,,
400,B,2,Finlike,T,TB400.1.4,,
400,B,3,CaloOrtho,T,TB400.1.1,,
400,B,4,,,,,
400,B,5,RoccCereb,9,TB400.1.5,,
400,B,5,Finlike,T,TB400.1.4,,
400,B,6,,,,,
400,B,7,CaloOrtho,T,TB400.1.1,,
400,B,8,,,,,
400,B,9,,,,,
400,B,10,Finlike,2,TB400.1.4,,
400,B,10,BlackStipCren,T,TB400.1.3,,
400,B,10,RoccCereb,5,TB400.1.5,,
500,B,1,YellowRhizocarpon,12,TB500.1.1,Yellow rhizocarpon,
500,B,1,CaloOrtho,5,TB500.1.2,Caloplaca orthoclada,
500,B,1,Chrysothrix,1,TB500.1.3,Chrysothrix,
500,B,1,Niebla,T,TB500.1.4,Niebla smooth unbranched,
500,B,1,Arctothelium,T,TB500.1.5,Arctothelium,
500,B,1,GrayRhizocarpon,T,TB500.1.6,Gray Rhizocarpon,
500,B,1,HetFoll,T,TB500.1.7,Heterodermia follmanii,
500,B,1,Minksia,7,TB500.1.8,Minksia,
500,B,1,Megaspora,T,TB500.1.9,Megaspora,
500,B,1,LittlePilesBalls,T,TB500.1.10,tiny little green ball stacks,
500,B,2,Arctothelium,T,TB500.1.5,,
500,B,2,CaloOrtho,1,TB500.1.2,,
500,B,2,Minksia,1,TB500.1.8,,
500,B,2,YellowRhizocarpon,T,TB500.1.1,,
500,B,3,Arctothelium,T,TB500.1.5,,
500,B,3,YellowRhizocarpon,T,TB500.1.1,,
500,B,4,CaloOrtho,1,TB500.1.2,,
500,B,5,CaloOrtho,T,TB500.1.2,,
500,B,5,Arctothelium,T,TB500.1.5,,
500,B,6,YellowRhizocarpon,T,TB500.1.1,,
500,B,6,Arctothelium,T,TB500.1.5,,
500,B,6,CaloOrtho,4,TB500.1.2,,
500,B,6,CaloSubhervidela,T,TB500.6.1,Caloplaca subhervidela,
500,B,6,Minksia,T,TB500.1.8,,
500,B,7,CaloOrtho,3,TB500.1.2,,
500,B,7,Arctothelium,T,TB500.1.5,,
500,B,7,Minksia,T,TB500.1.8,,
500,B,7,YellowRhizocarpon,T,TB500.1.1,,
500,B,7,CaloSubhervidela,T,TB500.6.1,,
500,B,8,CaloOrtho,2,TB500.1.2,,
500,B,8,YellowRhizocarpon,T,TB500.1.1,,
500,B,8,Minksia,T,TB500.1.8,,
500,B,8,Niebla,T,TB500.1.4,,
500,B,8,BlackStipCren,T,TB500.8.1,Black stipitate apothecia crenulate visible proper margin ,
500,B,9,BallsofYellow,T,TB500.9.1,Balls of yellow,
500,B,9,BlackStipCren,11,TB500.8.1,,
500,B,9,Pentagenella,1,TB500.9.2,Pentagenella gracillima,
500,B,9,Finlike,1,TB500.9.3,Fin-like large cerebriformis,
500,B,9,Megaspora,T,TB500.1.9,,
500,B,9,CaloOrtho,2,TB500.1.2,,
500,B,9,CaloPhlogina,T,TB500.9.4,Caloplaca phlogina,
500,B,9,BuellaJorgensis,T,TB500.9.5,Buellia jorgensis,
500,B,9,LirRhizocarpon,T,TB500.9.6,Lirellate Rhizocarpon,
500,B,9,RoccCereb,T,TB500.9.7,Roccellina cerebriformis,
500,B,10,Arctothelium,T,TB500.1.5,,
500,B,10,CaloOrtho,T,TB500.1.2,,
500,B,10,YellowRhizocarpon,T,TB500.1.1,,
500,B,10,Minksia,T,TB500.1.8,,
500,B,10,CaloSubhervidela,T,TB500.6.1,,
600,B,1,CaloOrtho,2,TB600.1.1,Caloplaca orthoclada,
600,B,1,Minksia,2,TB600.1.2,Minksia,
600,B,1,NieblaCeruchis,1,TB600.1.3,Niebla ceruchis faveolate,
600,B,1,Arctothelium,T,TB600.1.4,Arctothelium,
600,B,1,YelRhizocarponSchizidia,1,TB600.1.5,Yellow Rhizocarpon with schizidia,
600,B,1,BuellaJorgensis,3,TB600.1.6,Buellia jorgensis,
600,B,1,Chrysothrix,T,TB600.1.7,Chrysothrix,
600,B,1,GrayRhizocarpon,T,TB600.1.8,Gray Rhizocarpon,
600,B,1,SorediateAmygdalaria,1,TB600.1.9,sorediate Amygdalaria,
600,B,1,BlackStipCren,5,TB600.1.10,Black stipitate apothecia crenulate visible proper margin ,
600,B,2,Arctothelium,1,TB600.1.4,,
600,B,2,YellRhizoCentApo,T,TB600.2.1,Yellow Rhizocarpon centrally clustered apothecia,
600,B,2,CaloOrtho,T,TB600.1.1,,
600,B,2,Minksia,T,TB600.1.2,,
600,B,3,CaloOrtho,1,TB600.1.1,,
600,B,3,Arctothelium,3,TB600.1.4,,
600,B,3,Minksia,T,TB600.1.2,,
600,B,3,YelRhizocarponSchizidia,3,TB600.1.5,,
600,B,3,BuellaJorgensis,1,TB600.1.6,,
600,B,3,YellRhizoCentApo,2,TB600.2.1,,
600,B,3,Chrysothrix,T,TB600.1.7,,
600,B,3,NieblaCeruchis,T,TB600.1.3,,
600,B,3,Endoconchic,T,TB600.3.1,Endoconchic black apothecia no visible thallus,
600,B,3,Enterographa,T,TB600.3.2,graphoid Enterographa,
600,B,4,CrazyFlatRamalina,10,TB600.4.1,crazy flattened finely dissected Ramalina,
600,B,4,Minksia,2,TB600.4.5,lignicolous Minksia,
600,B,4,Xylographa,T,TB600.4.2,Xylographa,
600,B,4,BuellaJorgensisLign,T,TB600.4.3,lignicolous Buellia jorgensis,
600,B,4,HetFoll,T,TB600.4.4,Heterodermia follmanii,
600,B,4,whiteLignBuellia,T,TB600.4.6,white lignicolous Buellia,
600,B,5,CaloOrtho,T,TB600.1.1,,
600,B,5,Arctothelium,T,TB600.1.4,,
600,B,5,YellRhizoCentApo,1,TB600.2.1,,
600,B,5,GrayRhizocarpon,T,TB600.1.8,,
600,B,5,BlackStipCren,2,TB600.1.10,,
600,B,5,Minksia,T,TB600.1.2,,
600,B,5,BuellaJorgensis,T,TB600.1.6,,
600,B,5,sorNiebla,T,TB600.5.1,Niebla granulans sorediate,
600,B,6,Arctothelium,T,TB600.1.4,,
600,B,6,YelRhizocarponSchizidia,T,TB600.1.5,,
600,B,6,YellRhizoCentApo,T,TB600.2.1,,
600,B,7,CaloOrtho,1,TB600.1.1,,
600,B,7,Arctothelium,T,TB600.1.4,,
600,B,7,YellRhizoCentApo,T,TB600.2.1,,
600,B,8,NieblaCeruchis,T,TB600.1.3,,
600,B,8,Minksia,T,TB600.1.2,,
600,B,8,BlackStipCren,10,TB600.1.10,,
600,B,8,CaloOrtho,T,TB600.1.1,,
600,B,8,GrayRhizocarpon,T,TB600.1.8,,
600,B,8,Arctothelium,T,TB600.1.4,,
600,B,8,YellRhizoCentApo,T,TB600.2.1,,
600,B,8,BuellaJorgensis,T,TB600.1.6,,
600,B,9,Arctothelium,1,TB600.1.4,,
600,B,9,YelRhizocarponSchizidia,T,TB600.1.5,,
600,B,9,CaloOrtho,T,TB600.1.1,,
600,B,10,Arctothelium,1,TB600.1.4,,
600,B,10,YelRhizocarponSchizidia,T,TB600.1.5,,
600,B,10,BuellaJorgensis,T,TB600.1.6,,
800,B,1,Chrysothrix,1,TB800.1.1,Chrysothrix,
800,B,1,HetFoll,T,TB800.1.2,Heterodermia follmanii,
800,B,1,NieblaGranulans,T,TB800.1.3,Niebla granulans,
800,B,1,Minksia,T,TB800.1.4,Minksia,
800,B,1,YelRhizocarponSchizidia,T,TB800.1.5,Yellow Rhizocarpon with schizidia,
800,B,1,GreenBrain,T,TB800.1.6,Green Brain,
800,B,1,TanBullateApo,T,TB800.1.7,tan bullate apothecia,
800,B,1,Leprocaulon,T,TB800.1.8,Leprocaulon,
800,B,1,AmygdalariaBullate,T,TB800.1.9,Amygdalaria bullate aereoles,
800,B,2,HetFoll,T,TB800.1.2,,
800,B,2,NieblaGranulans,1,TB800.1.3,,
800,B,2,Chrysothrix,1,TB800.1.1,,
800,B,2,BlackStipCren,5,TB800.2.1,Black stipitate apothecia crenulate visible proper margin ,
800,B,2,GrayRhizoPseudolir,T,TB800.2.2,Gray Rhizocarpon with pseudolirellae,
800,B,2,CaloPhlogina,T,TB800.2.3,Caloplaca phlogina,
800,B,2,BuellaJorgensis,T,TB800.2.4,Buellia jorgensis,
800,B,2,Minksia,T,TB800.1.4,,
800,B,2,TanBullateApo,1,TB800.1.7,,
800,B,2,GreyRhizoStipApo,T,TB00.3.3,,
800,B,3,BlackStipCren,T,TB800.2.1,,
800,B,3,HyperBranchedNiebla,T,TB800.3.1,Hyperbranched isidiate Niebla,
800,B,3,TanBullateApo,1,TB800.1.7,,
800,B,3,Chrysothrix,T,TB800.1.1,,
800,B,3,SorediateAmygdalaria,1,TB800.1.9,,
800,B,3,RoccCereb,T,TB800.3.2,Roccellina cerebriformis,
800,B,3,GreyRhizoStipApo,3,TB800.3.3,Grey Rhizocarpon stipitate apothecia,
800,B,3,NieblaGranulans,T,TB800.1.3,,
800,B,4,HetFoll,4,TB800.1.2,,
800,B,4,NieblaGranulans,4,TB800.1.3,,
800,B,4,Chrysothrix,T,TB800.1.1,,
800,B,4,TanBullateApo,5,TB800.1.7,,
800,B,4,CaloPhlogina,1,TB800.2.3,,
800,B,4,Leprocaulon,2,TB800.1.8,,
800,B,4,RoccCereb,T,TB800.3.2,,
800,B,4,GreyRhizoStipApo,4,TB800.3.3,,
800,B,4,BlackStipCren,4,TB800.2.1,,
800,B,4,GreenBrain,T,TB800.1.6,,
800,B,4,BuellaJorgensis,4,TB800.2.4,,
800,B,4,Amygdalaria,T,TB800.1.9,,
800,B,4,RamalinaUsnea,T,TB800.4.1,Ramalina usnea,
800,B,4,BrownSmearFertile,T,TB800.4.2,fertile brown smear,
800,B,4,HyperBranchedNiebla,T,TB800.3.1,,
800,B,4,NieblaCeruchis,T,TB800.4.3,Niebla ceruchis,
800,B,4,Pentagenella,T,TB800.4.4,Pentagenella gracillima,
800,B,5,Chrysothrix,1,TB800.1.1,,
800,B,5,HetFoll,T,TB800.1.2,,
800,B,5,TanBullateApo,6,TB800.1.7,,
800,B,5,Amygdalaria,12,TB800.1.9,,
800,B,5,Minksia,T,TB800.1.4,,
800,B,5,BuellaJorgensis,T,TB800.2.4,,
800,B,5,NieblaGranulans,T,TB800.1.3,,
800,B,5,BlackStipCren,T,TB800.2.1,,
800,B,5,Arctothelium,T,TB800.5.1,Arctothelium,
800,B,5,GreyRhizoStipApo,2,TB800.3.3,,
800,B,6,AcarosporaBull,T,TB800.6.1,Acarospora bullate,
800,B,6,YrhizoSor,2,TB800.6.2,Yellow rhizocarpon sorediate,
800,B,6,GrayRhizoPseudolir,2,TB800.2.2,,
800,B,6,TanBullateApo,2,TB800.1.7,,
800,B,6,Arctothelium,T,TB800.5.1,,
800,B,6,Chrysothrix,T,TB800.1.1,,
800,B,7,TanBullateApo,8,TB800.1.7,,
800,B,7,Chrysothrix,T,TB800.1.1,,
800,B,7,Amygdalaria,1,TB800.1.9,,
800,B,7,YrhizoSor,T,TB800.6.2,,
800,B,7,GrayRhizoPseudolir,T,TB800.2.2,,
800,B,7,Minksia,T,TB800.1.4,,
800,B,7,BlackStipCren,T,TB800.2.1,,
800,B,7,Arctothelium,T,TB800.5.1,,
800,B,7,GreyRhizoStipApo,T,TB800.3.3,,
800,B,8,Chrysothrix,T,TB800.1.1,,
800,B,8,GreenBrain,T,TB800.1.6,,
800,B,8,Amygdalaria,T,TB800.1.9,,
800,B,8,NieblaGranulans,T,TB800.1.3,,
800,B,8,Arctothelium,T,TB800.5.1,,
800,B,8,YrhizoSor,T,TB800.6.2,,
800,B,9,BlackStipCren,2,TB800.2.1,,
800,B,9,RoccCereb,3,TB800.3.2,,
800,B,9,TanBullateApo,5,TB800.1.7,,
800,B,9,Amygdalaria,2,TB800.1.9,,
800,B,9,Chrysothrix,T,TB800.1.1,,
800,B,9,Arctothelium,T,TB800.5.1,,
800,B,9,GrayRhizoPseudolir,6,TB800.2.2,,
800,B,9,SandOpegrapha,T,TB800.9.1,Sand Opegrapha,
800,B,9,BuellaJorgensis,5,TB800.2.4,,
800,B,9,BluePruApoTerr,T,TB800.9.2,blue pruinose apothecia terricole,
800,B,9,ManilaRoccPrui,5,TB800.9.3,manila Roccellina pruinose apothecia,
800,B,10,TanBullateApo,14,TB800.1.7,,
800,B,10,NieblaGranulans,T,TB800.1.3,,
800,B,10,HetFoll,1,TB800.1.2,,
800,B,10,Chrysothrix,3,TB800.1.1,,
800,B,10,Amygdalaria,25,TB800.1.9,,
800,B,10,Arctothelium,1,TB800.5.1,,
800,B,10,aeroLep,1,TB800.10.1,aereolate Lepraria,
800,B,10,WhiteBuelliaJor,3,TB800.10.2,white Buellia jorgensis,
800,B,10,Leprocaulon,T,TB800.1.8,,
800,B,10,GreyRhizoStipApo,T,TB800.3.3,,
800,B,10,TanCrustRocc,T,TB800.10.3,tan crustose Roccellaceae,
