Species,Elevation,Transect,Replicate,Treatment,Time,Tray,Mass,EmptyMass,DryMass,
Niebla,500,B,1,air,0,A,0.5632,0.5195,0.5471,
Niebla,600,B,1,air,0,B,0.7013,0.531,0.6373,
Niebla,700,B,1,air,0,C,0.7348,0.5317,0.6445,
Niebla,800,B,1,air,0,D,0.5782,0.5399,0.5636,
Niebla,500,B,2,air,0,E,0.5646,0.5342,,
Niebla,600,B,2,air,0,F,0.7275,0.5403,0.6609,
Niebla,700,B,2,air,0,G,0.6522,0.531,0.5996,
Niebla,800,B,2,air,0,H,0.6134,0.5379,0.5829,
Chrysothrix,550,A,1,air,0,I,0.5729,0.5253,0.5562,
Chrysothrix,650,A,1,air,0,J,0.586,0.5361,0.5644,
Chrysothrix,550,A,2,air,0,K,0.5547,0.5298,0.5408,
Chrysothrix,650,A,2,air,0,L,0.5949,0.5423,0.572,
Roccellina,450,A,1,air,0,M,0.8335,0.5279,0.7207,
Roccellina,550,A,1,air,0,N,0.7012,0.5367,0.6283,
Roccellina,750,A,1,air,0,O,0.6879,0.5392,0.6327,
Roccellina,450,A,2,air,0,P,0.6607,0.5242,0.6171,
Roccellina,550,A,2,air,0,Q,0.6485,0.5266,0.6084,
Roccellina,750,A,2,air,0,R,0.666,0.5205,0.6195,
Niebla,500,B,1,wet1,0,A,,0.5195,0.5471,
Niebla,600,B,1,wet1,0,B,0.7701,0.531,0.6373,
Niebla,700,B,1,wet1,0,C,1.1071,0.5317,0.6445,
Niebla,800,B,1,wet1,0,D,0.6708,0.5399,0.5636,
Niebla,500,B,2,wet1,0,E,,0.5342,,
Niebla,600,B,2,wet1,0,F,0.765,0.5403,0.6609,
Niebla,700,B,2,wet1,0,G,0.7905,0.531,0.5996,
Niebla,800,B,2,wet1,0,H,0.7118,0.5379,0.5829,
Chrysothrix,550,A,1,wet1,0,I,0.619,0.5253,0.5562,
Chrysothrix,650,A,1,wet1,0,J,0.6822,0.5361,0.5644,
Chrysothrix,550,A,2,wet1,0,K,0.5839,0.5298,0.5408,
Chrysothrix,650,A,2,wet1,0,L,0.6708,0.5423,0.572,
Roccellina,450,A,1,wet1,0,M,0.9576,0.5279,0.7207,
Roccellina,550,A,1,wet1,0,N,0.833,0.5367,0.6283,
Roccellina,750,A,1,wet1,0,O,0.7491,0.5392,0.6327,
Roccellina,450,A,2,wet1,0,P,0.7023,0.5242,0.6171,
Roccellina,550,A,2,wet1,0,Q,0.684,0.5266,0.6084,
Roccellina,750,A,2,wet1,0,R,0.6892,0.5205,0.6195,
Niebla,500,B,1,dry,0,A,0.5814,0.5195,0.5471,
Niebla,600,B,1,dry,0,B,0.8137,0.531,0.6373,
Niebla,700,B,1,dry,0,C,1.0463,0.5317,0.6445,
Niebla,800,B,1,dry,0,D,0.7156,0.5399,0.5636,
Niebla,500,B,2,dry,0,E,,0.5342,,
Niebla,600,B,2,dry,0,F,0.8047,0.5403,0.6609,
Niebla,700,B,2,dry,0,G,0.9083,0.531,0.5996,
Niebla,800,B,2,dry,0,H,0.7985,0.5379,0.5829,
Chrysothrix,550,A,1,dry,0,I,0.6537,0.5253,0.5562,
Chrysothrix,650,A,1,dry,0,J,0.6891,0.5361,0.5644,
Chrysothrix,550,A,2,dry,0,K,0.5886,0.5298,0.5408,
Chrysothrix,650,A,2,dry,0,L,0.6777,0.5423,0.572,
Roccellina,450,A,1,dry,0,M,1.0431,0.5279,0.7207,
Roccellina,550,A,1,dry,0,N,0.9024,0.5367,0.6283,
Roccellina,750,A,1,dry,0,O,0.826,0.5392,0.6327,
Roccellina,450,A,2,dry,0,P,0.752,0.5242,0.6171,
Roccellina,550,A,2,dry,0,Q,0.7313,0.5266,0.6084,
Roccellina,750,A,2,dry,0,R,0.7371,0.5205,0.6195,
Niebla,500,B,1,dry,10,A,0.5778,0.5195,0.5471,
Niebla,600,B,1,dry,10,B,0.8073,0.531,0.6373,
Niebla,700,B,1,dry,10,C,1.0341,0.5317,0.6445,
Niebla,800,B,1,dry,10,D,0.7111,0.5399,0.5636,
Niebla,500,B,2,dry,10,E,,0.5342,,
Niebla,600,B,2,dry,10,F,0.7953,0.5403,0.6609,
Niebla,700,B,2,dry,10,G,0.8948,0.531,0.5996,
Niebla,800,B,2,dry,10,H,0.7928,0.5379,0.5829,
Chrysothrix,550,A,1,dry,10,I,0.6487,0.5253,0.5562,
Chrysothrix,650,A,1,dry,10,J,0.6827,0.5361,0.5644,
Chrysothrix,550,A,2,dry,10,K,0.5856,0.5298,0.5408,
Chrysothrix,650,A,2,dry,10,L,0.6716,0.5423,0.572,
Roccellina,450,A,1,dry,10,M,1.0314,0.5279,0.7207,
Roccellina,550,A,1,dry,10,N,0.8934,0.5367,0.6283,
Roccellina,750,A,1,dry,10,O,0.8035,0.5392,0.6327,
Roccellina,450,A,2,dry,10,P,0.7464,0.5242,0.6171,
Roccellina,550,A,2,dry,10,Q,0.726,0.5266,0.6084,
Roccellina,750,A,2,dry,10,R,0.7285,0.5205,0.6195,
Niebla,500,B,1,dry,20,A,0.5746,0.5195,0.5471,
Niebla,600,B,1,dry,20,B,0.802,0.531,0.6373,
Niebla,700,B,1,dry,20,C,1.0234,0.5317,0.6445,
Niebla,800,B,1,dry,20,D,0.7073,0.5399,0.5636,
Niebla,500,B,2,dry,20,E,,0.5342,,
Niebla,600,B,2,dry,20,F,0.7905,0.5403,0.6609,
Niebla,700,B,2,dry,20,G,0.8849,0.531,0.5996,
Niebla,800,B,2,dry,20,H,0.7881,0.5379,0.5829,
Chrysothrix,550,A,1,dry,20,I,0.6448,0.5253,0.5562,
Chrysothrix,650,A,1,dry,20,J,0.6787,0.5361,0.5644,
Chrysothrix,550,A,2,dry,20,K,0.5825,0.5298,0.5408,
Chrysothrix,650,A,2,dry,20,L,0.6674,0.5423,0.572,
Roccellina,450,A,1,dry,20,M,1.0227,0.5279,0.7207,
Roccellina,550,A,1,dry,20,N,0.8868,0.5367,0.6283,
Roccellina,750,A,1,dry,20,O,0.798,0.5392,0.6327,
Roccellina,450,A,2,dry,20,P,0.7402,0.5242,0.6171,
Roccellina,550,A,2,dry,20,Q,0.7218,0.5266,0.6084,
Roccellina,750,A,2,dry,20,R,0.7216,0.5205,0.6195,
Niebla,500,B,1,dry,30,A,0.5713,0.5195,0.5471,
Niebla,600,B,1,dry,30,B,0.7959,0.531,0.6373,
Niebla,700,B,1,dry,30,C,1.0127,0.5317,0.6445,
Niebla,800,B,1,dry,30,D,0.7037,0.5399,0.5636,
Niebla,500,B,2,dry,30,E,,0.5342,,
Niebla,600,B,2,dry,30,F,0.7854,0.5403,0.6609,
Niebla,700,B,2,dry,30,G,0.8583,0.531,0.5996,
Niebla,800,B,2,dry,30,H,0.7827,0.5379,0.5829,
Chrysothrix,550,A,1,dry,30,I,0.6405,0.5253,0.5562,
Chrysothrix,650,A,1,dry,30,J,0.6744,0.5361,0.5644,
Chrysothrix,550,A,2,dry,30,K,0.5801,0.5298,0.5408,
Chrysothrix,650,A,2,dry,30,L,0.6627,0.5423,0.572,
Roccellina,450,A,1,dry,30,M,1.014,0.5279,0.7207,
Roccellina,550,A,1,dry,30,N,0.8795,0.5367,0.6283,
Roccellina,750,A,1,dry,30,O,0.793,0.5392,0.6327,
Roccellina,450,A,2,dry,30,P,0.7348,0.5242,0.6171,
Roccellina,550,A,2,dry,30,Q,0.7175,0.5266,0.6084,
Roccellina,750,A,2,dry,30,R,0.7141,0.5205,0.6195,
Niebla,500,B,1,dry,40,A,0.5678,0.5195,0.5471,
Niebla,600,B,1,dry,40,B,0.7913,0.531,0.6373,
Niebla,700,B,1,dry,40,C,1.0027,0.5317,0.6445,
Niebla,800,B,1,dry,40,D,0.6987,0.5399,0.5636,
Niebla,500,B,2,dry,40,E,,0.5342,,
Niebla,600,B,2,dry,40,F,0.7803,0.5403,0.6609,
Niebla,700,B,2,dry,40,G,0.8488,0.531,0.5996,
Niebla,800,B,2,dry,40,H,0.7757,0.5379,0.5829,
Chrysothrix,550,A,1,dry,40,I,0.6363,0.5253,0.5562,
Chrysothrix,650,A,1,dry,40,J,0.6699,0.5361,0.5644,
Chrysothrix,550,A,2,dry,40,K,0.577,0.5298,0.5408,
Chrysothrix,650,A,2,dry,40,L,0.6581,0.5423,0.572,
Roccellina,450,A,1,dry,40,M,1.0047,0.5279,0.7207,
Roccellina,550,A,1,dry,40,N,0.8735,0.5367,0.6283,
Roccellina,750,A,1,dry,40,O,0.7875,0.5392,0.6327,
Roccellina,450,A,2,dry,40,P,0.7291,0.5242,0.6171,
Roccellina,550,A,2,dry,40,Q,0.7126,0.5266,0.6084,
Roccellina,750,A,2,dry,40,R,0.7085,0.5205,0.6195,
Niebla,500,B,1,dry,50,A,0.5648,0.5195,0.5471,
Niebla,600,B,1,dry,50,B,0.7863,0.531,0.6373,
Niebla,700,B,1,dry,50,C,0.9913,0.5317,0.6445,
Niebla,800,B,1,dry,50,D,0.6947,0.5399,0.5636,
Niebla,500,B,2,dry,50,E,,0.5342,,
Niebla,600,B,2,dry,50,F,0.7735,0.5403,0.6609,
Niebla,700,B,2,dry,50,G,0.8396,0.531,0.5996,
Niebla,800,B,2,dry,50,H,0.7702,0.5379,0.5829,
Chrysothrix,550,A,1,dry,50,I,0.6324,0.5253,0.5562,
Chrysothrix,650,A,1,dry,50,J,0.6667,0.5361,0.5644,
Chrysothrix,550,A,2,dry,50,K,0.5746,0.5298,0.5408,
Chrysothrix,650,A,2,dry,50,L,0.6541,0.5423,0.572,
Roccellina,450,A,1,dry,50,M,0.9963,0.5279,0.7207,
Roccellina,550,A,1,dry,50,N,0.8685,0.5367,0.6283,
Roccellina,750,A,1,dry,50,O,0.7826,0.5392,0.6327,
Roccellina,450,A,2,dry,50,P,0.7241,0.5242,0.6171,
Roccellina,550,A,2,dry,50,Q,0.7082,0.5266,0.6084,
Roccellina,750,A,2,dry,50,R,0.7029,0.5205,0.6195,
Niebla,500,B,1,dry,60,A,0.5621,0.5195,0.5471,
Niebla,600,B,1,dry,60,B,0.7813,0.531,0.6373,
Niebla,700,B,1,dry,60,C,0.9811,0.5317,0.6445,
Niebla,800,B,1,dry,60,D,0.6905,0.5399,0.5636,
Niebla,500,B,2,dry,60,E,,0.5342,,
Niebla,600,B,2,dry,60,F,0.7686,0.5403,0.6609,
Niebla,700,B,2,dry,60,G,0.8301,0.531,0.5996,
Niebla,800,B,2,dry,60,H,0.7641,0.5379,0.5829,
Chrysothrix,550,A,1,dry,60,I,0.6291,0.5253,0.5562,
Chrysothrix,650,A,1,dry,60,J,0.6624,0.5361,0.5644,
Chrysothrix,550,A,2,dry,60,K,0.5721,0.5298,0.5408,
Chrysothrix,650,A,2,dry,60,L,0.6495,0.5423,0.572,
Roccellina,450,A,1,dry,60,M,0.9887,0.5279,0.7207,
Roccellina,550,A,1,dry,60,N,0.8633,0.5367,0.6283,
Roccellina,750,A,1,dry,60,O,0.7775,0.5392,0.6327,
Roccellina,450,A,2,dry,60,P,0.7188,0.5242,0.6171,
Roccellina,550,A,2,dry,60,Q,0.7035,0.5266,0.6084,
Roccellina,750,A,2,dry,60,R,0.6966,0.5205,0.6195,
Niebla,500,B,1,dry,90,A,0.5555,0.5195,0.5471,
Niebla,600,B,1,dry,90,B,0.7675,0.531,0.6373,
Niebla,700,B,1,dry,90,C,0.953,0.5317,0.6445,
Niebla,800,B,1,dry,90,D,0.6795,0.5399,0.5636,
Niebla,500,B,2,dry,90,E,,0.5342,,
Niebla,600,B,2,dry,90,F,0.7568,0.5403,0.6609,
Niebla,700,B,2,dry,90,G,0.805,0.531,0.5996,
Niebla,800,B,2,dry,90,H,0.7505,0.5379,0.5829,
Chrysothrix,550,A,1,dry,90,I,0.6181,0.5253,0.5562,
Chrysothrix,650,A,1,dry,90,J,0.6516,0.5361,0.5644,
Chrysothrix,550,A,2,dry,90,K,0.5653,0.5298,0.5408,
Chrysothrix,650,A,2,dry,90,L,0.6374,0.5423,0.572,
Roccellina,450,A,1,dry,90,M,0.9699,0.5279,0.7207,
Roccellina,550,A,1,dry,90,N,0.8493,0.5367,0.6283,
Roccellina,750,A,1,dry,90,O,0.7627,0.5392,0.6327,
Roccellina,450,A,2,dry,90,P,0.7028,0.5242,0.6171,
Roccellina,550,A,2,dry,90,Q,0.6915,0.5266,0.6084,
Roccellina,750,A,2,dry,90,R,0.6799,0.5205,0.6195,
Niebla,500,B,1,dry,120,A,0.5513,0.5195,0.5471,
Niebla,600,B,1,dry,120,B,0.7541,0.531,0.6373,
Niebla,700,B,1,dry,120,C,0.9241,0.5317,0.6445,
Niebla,800,B,1,dry,120,D,0.6689,0.5399,0.5636,
Niebla,500,B,2,dry,120,E,,0.5342,,
Niebla,600,B,2,dry,120,F,0.7445,0.5403,0.6609,
Niebla,700,B,2,dry,120,G,0.7787,0.531,0.5996,
Niebla,800,B,2,dry,120,H,0.7367,0.5379,0.5829,
Chrysothrix,550,A,1,dry,120,I,0.608,0.5253,0.5562,
Chrysothrix,650,A,1,dry,120,J,0.6426,0.5361,0.5644,
Chrysothrix,550,A,2,dry,120,K,0.5595,0.5298,0.5408,
Chrysothrix,650,A,2,dry,120,L,0.6262,0.5423,0.572,
Roccellina,450,A,1,dry,120,M,0.9505,0.5279,0.7207,
Roccellina,550,A,1,dry,120,N,0.835,0.5367,0.6283,
Roccellina,750,A,1,dry,120,O,0.7494,0.5392,0.6327,
Roccellina,450,A,2,dry,120,P,0.6869,0.5242,0.6171,
Roccellina,550,A,2,dry,120,Q,0.6795,0.5266,0.6084,
Roccellina,750,A,2,dry,120,R,0.6652,0.5205,0.6195,
Niebla,500,B,1,dry,150,A,0.5504,0.5195,0.5471,
Niebla,600,B,1,dry,150,B,0.7421,0.531,0.6373,
Niebla,700,B,1,dry,150,C,0.8975,0.5317,0.6445,
Niebla,800,B,1,dry,150,D,0.659,0.5399,0.5636,
Niebla,500,B,2,dry,150,E,,0.5342,,
Niebla,600,B,2,dry,150,F,0.7334,0.5403,0.6609,
Niebla,700,B,2,dry,150,G,0.7573,0.531,0.5996,
Niebla,800,B,2,dry,150,H,0.7235,0.5379,0.5829,
Chrysothrix,550,A,1,dry,150,I,0.5985,0.5253,0.5562,
Chrysothrix,650,A,1,dry,150,J,0.6328,0.5361,0.5644,
Chrysothrix,550,A,2,dry,150,K,0.5535,0.5298,0.5408,
Chrysothrix,650,A,2,dry,150,L,0.6152,0.5423,0.572,
Roccellina,450,A,1,dry,150,M,0.9321,0.5279,0.7207,
Roccellina,550,A,1,dry,150,N,0.8216,0.5367,0.6283,
Roccellina,750,A,1,dry,150,O,0.7359,0.5392,0.6327,
Roccellina,450,A,2,dry,150,P,0.6714,0.5242,0.6171,
Roccellina,550,A,2,dry,150,Q,0.6684,0.5266,0.6084,
Roccellina,750,A,2,dry,150,R,0.6535,0.5205,0.6195,
Niebla,500,B,1,dry,180,A,0.5499,0.5195,0.5471,
Niebla,600,B,1,dry,180,B,0.7285,0.531,0.6373,
Niebla,700,B,1,dry,180,C,0.8708,0.5317,0.6445,
Niebla,800,B,1,dry,180,D,0.6484,0.5399,0.5636,
Niebla,500,B,2,dry,180,E,,0.5342,,
Niebla,600,B,2,dry,180,F,0.7232,0.5403,0.6609,
Niebla,700,B,2,dry,180,G,0.7346,0.531,0.5996,
Niebla,800,B,2,dry,180,H,0.7106,0.5379,0.5829,
Chrysothrix,550,A,1,dry,180,I,0.59,0.5253,0.5562,
Chrysothrix,650,A,1,dry,180,J,0.6239,0.5361,0.5644,
Chrysothrix,550,A,2,dry,180,K,0.5488,0.5298,0.5408,
Chrysothrix,650,A,2,dry,180,L,0.6057,0.5423,0.572,
Roccellina,450,A,1,dry,180,M,0.9135,0.5279,0.7207,
Roccellina,550,A,1,dry,180,N,0.8078,0.5367,0.6283,
Roccellina,750,A,1,dry,180,O,0.7216,0.5392,0.6327,
Roccellina,450,A,2,dry,180,P,0.6579,0.5242,0.6171,
Roccellina,550,A,2,dry,180,Q,0.6578,0.5266,0.6084,
Roccellina,750,A,2,dry,180,R,0.6432,0.5205,0.6195,
Niebla,500,B,1,dry,210,A,0.5493,0.5195,0.5471,
Niebla,600,B,1,dry,210,B,0.7169,0.531,0.6373,
Niebla,700,B,1,dry,210,C,0.8456,0.5317,0.6445,
Niebla,800,B,1,dry,210,D,0.6381,0.5399,0.5636,
Niebla,500,B,2,dry,210,E,,0.5342,,
Niebla,600,B,2,dry,210,F,0.7138,0.5403,0.6609,
Niebla,700,B,2,dry,210,G,0.7138,0.531,0.5996,
Niebla,800,B,2,dry,210,H,0.6972,0.5379,0.5829,
Chrysothrix,550,A,1,dry,210,I,0.5816,0.5253,0.5562,
Chrysothrix,650,A,1,dry,210,J,0.6155,0.5361,0.5644,
Chrysothrix,550,A,2,dry,210,K,0.5451,0.5298,0.5408,
Chrysothrix,650,A,2,dry,210,L,0.5964,0.5423,0.572,
Roccellina,450,A,1,dry,210,M,0.8962,0.5279,0.7207,
Roccellina,550,A,1,dry,210,N,0.7946,0.5367,0.6283,
Roccellina,750,A,1,dry,210,O,0.7086,0.5392,0.6327,
Roccellina,450,A,2,dry,210,P,0.6458,0.5242,0.6171,
Roccellina,550,A,2,dry,210,Q,0.6477,0.5266,0.6084,
Roccellina,750,A,2,dry,210,R,0.6366,0.5205,0.6195,
Niebla,500,B,1,dry,240,A,0.55,0.5195,0.5471,
Niebla,600,B,1,dry,240,B,0.706,0.531,0.6373,
Niebla,700,B,1,dry,240,C,0.8214,0.5317,0.6445,
Niebla,800,B,1,dry,240,D,0.6274,0.5399,0.5636,
Niebla,500,B,2,dry,240,E,,0.5342,,
Niebla,600,B,2,dry,240,F,0.7069,0.5403,0.6609,
Niebla,700,B,2,dry,240,G,0.6939,0.531,0.5996,
Niebla,800,B,2,dry,240,H,0.6837,0.5379,0.5829,
Chrysothrix,550,A,1,dry,240,I,0.5739,0.5253,0.5562,
Chrysothrix,650,A,1,dry,240,J,0.6075,0.5361,0.5644,
Chrysothrix,550,A,2,dry,240,K,0.5427,0.5298,0.5408,
Chrysothrix,650,A,2,dry,240,L,0.5881,0.5423,0.572,
Roccellina,450,A,1,dry,240,M,0.8782,0.5279,0.7207,
Roccellina,550,A,1,dry,240,N,0.782,0.5367,0.6283,
Roccellina,750,A,1,dry,240,O,0.6966,0.5392,0.6327,
Roccellina,450,A,2,dry,240,P,0.6367,0.5242,0.6171,
Roccellina,550,A,2,dry,240,Q,0.6388,0.5266,0.6084,
Roccellina,750,A,2,dry,240,R,0.6318,0.5205,0.6195,
Niebla,500,B,1,dry,300,A,0.55,0.5195,0.5471,
Niebla,600,B,1,dry,300,B,0.6874,0.531,0.6373,
Niebla,700,B,1,dry,300,C,0.7753,0.5317,0.6445,
Niebla,800,B,1,dry,300,D,0.6068,0.5399,0.5636,
Niebla,500,B,2,dry,300,E,,0.5342,,
Niebla,600,B,2,dry,300,F,0.6925,0.5403,0.6609,
Niebla,700,B,2,dry,300,G,0.6594,0.531,0.5996,
Niebla,800,B,2,dry,300,H,0.6577,0.5379,0.5829,
Chrysothrix,550,A,1,dry,300,I,0.5635,0.5253,0.5562,
Chrysothrix,650,A,1,dry,300,J,0.5928,0.5361,0.5644,
Chrysothrix,550,A,2,dry,300,K,0.5423,0.5298,0.5408,
Chrysothrix,650,A,2,dry,300,L,0.577,0.5423,0.572,
Roccellina,450,A,1,dry,300,M,0.8427,0.5279,0.7207,
Roccellina,550,A,1,dry,300,N,0.759,0.5367,0.6283,
Roccellina,750,A,1,dry,300,O,0.6756,0.5392,0.6327,
Roccellina,450,A,2,dry,300,P,0.6261,0.5242,0.6171,
Roccellina,550,A,2,dry,300,Q,0.6254,0.5266,0.6084,
Roccellina,750,A,2,dry,300,R,0.6283,0.5205,0.6195,
Niebla,500,B,1,dry,360,A,,0.5195,0.5471,
Niebla,600,B,1,dry,360,B,0.6723,0.531,0.6373,
Niebla,700,B,1,dry,360,C,0.7353,0.5317,0.6445,dry
Niebla,800,B,1,dry,360,D,,0.5399,0.5636,
Niebla,500,B,2,dry,360,E,,0.5342,,
Niebla,600,B,2,dry,360,F,,0.5403,0.6609,
Niebla,700,B,2,dry,360,G,0.6323,0.531,0.5996,
Niebla,800,B,2,dry,360,H,,0.5379,0.5829,
Chrysothrix,550,A,1,dry,360,I,,0.5253,0.5562,
Chrysothrix,650,A,1,dry,360,J,0.5801,0.5361,0.5644,
Chrysothrix,550,A,2,dry,360,K,0.5422,0.5298,0.5408,
Chrysothrix,650,A,2,dry,360,L,0.5748,0.5423,0.572,
Roccellina,450,A,1,dry,360,M,0.8123,0.5279,0.7207,
Roccellina,550,A,1,dry,360,N,0.7333,0.5367,0.6283,
Roccellina,750,A,1,dry,360,O,0.6591,0.5392,0.6327,
Roccellina,450,A,2,dry,360,P,,0.5242,0.6171,
Roccellina,550,A,2,dry,360,Q,,0.5266,0.6084,
Roccellina,750,A,2,dry,360,R,,0.5205,0.6195,
Niebla,850,A,1,air,0,S,0.57,0.5258,0.5625,
Niebla,650,A,1,air,0,T,0.6002,0.5333,0.5855,
Niebla,550,A,1,air,0,U,0.6011,0.5426,0.5948,
Niebla,850,A,2,air,0,V,0.5562,0.5272,0.5514,
Niebla,550,A,2,air,0,X,0.5646,0.5245,0.5571,
Pentagenella,500,B,1,air,0,Y,0.7033,0.5208,0.6655,
Pentagenella,600,B,1,air,0,Z,0.6865,0.5225,0.6524,
Pentagenella,700,B,1,air,0,al,0.6014,0.5317,0.5859,
Pentagenella,800,B,1,air,0,be,0.5715,0.5333,0.564,
Pentagenella,500,B,2,air,0,ga,0.6024,0.5265,0.5843,
Heterodermia,850,A,1,air,0,de,0.5623,0.5288,0.5557,
Heterodermia,750,A,1,air,0,mu,0.5886,0.5183,0.5591,
Heterodermia,650,A,1,air,0,nu,0.6071,0.5158,0.5898,
Heterodermia,850,A,2,air,0,la,0.5478,0.5299,0.5444,
Heterodermia,750,A,2,air,0,pi,0.5948,0.5358,0.5845,
Heterodermia,650,A,2,air,0,si,0.5566,0.5323,0.551,
Pentagenella,600,B,2,air,0,rh,0.6895,0.5407,0.6579,
Niebla,650,A,2,air,0,W,0.5738,0.5279,0.5669,
Pentagenella,700,B,2,air,0,th,0.6001,0.537,0.5799,
Pentagenella,800,B,2,air,0,ps,0.5615,0.5236,0.5556,
Heterodermia,700,B,1,air,0,E,0.5912,0.534,0.5828,
Blank,0,na,1,air,0,bl1,0.5251,0.5251,,
Blank,0,na,2,air,0,bl2,0.5224,0.5224,,
Blank,0,na,3,air,0,bl3,0.5157,0.5157,0.5156,
Niebla,850,A,1,rh,0,S,0.5771,0.5258,0.5625,
Niebla,650,A,1,rh,0,T,0.6162,0.5333,0.5855,
Niebla,550,A,1,rh,0,U,0.6063,0.5426,0.5948,
Niebla,850,A,2,rh,0,V,0.5591,0.5272,0.5514,
Niebla,550,A,2,rh,0,X,0.5694,0.5245,0.5571,
Pentagenella,500,B,1,rh,0,Y,0.7239,0.5208,0.6655,
Pentagenella,600,B,1,rh,0,Z,0.7276,0.5225,0.6524,
Pentagenella,700,B,1,rh,0,al,0.6114,0.5317,0.5859,
Pentagenella,800,B,1,rh,0,be,0.58,0.5333,0.564,
Pentagenella,500,B,2,rh,0,ga,0.609,0.5265,0.5843,
Heterodermia,850,A,1,rh,0,de,0.5663,0.5288,0.5557,
Heterodermia,750,A,1,rh,0,mu,0.5745,0.5183,0.5591,
Heterodermia,650,A,1,rh,0,nu,0.614,0.5158,0.5898,
Heterodermia,850,A,2,rh,0,la,0.5486,0.5299,0.5444,
Heterodermia,750,A,2,rh,0,pi,0.6113,0.5358,0.5845,
Heterodermia,650,A,2,rh,0,si,0.5606,0.5323,0.551,
Pentagenella,600,B,2,rh,0,rh,0.7144,0.5407,0.6579,
Niebla,650,A,2,rh,0,W,0.58,0.5279,0.5669,
Pentagenella,700,B,2,rh,0,th,0.6073,0.537,0.5799,
Pentagenella,800,B,2,rh,0,ps,0.566,0.5236,0.5556,
Heterodermia,700,B,1,rh,0,E,0.5924,0.534,0.5828,
Blank,0,na,1,rh,0,bl1,,0.5251,,
Blank,0,na,2,rh,0,bl2,,0.5224,,
Blank,0,na,3,rh,0,bl3,,0.5157,0.5156,
Niebla,850,A,1,dry,0,S,0.6367,0.5258,0.5625,
Niebla,650,A,1,dry,0,T,0.7215,0.5333,0.5855,
Niebla,550,A,1,dry,0,U,0.688,0.5426,0.5948,
Niebla,850,A,2,dry,0,V,0.6023,0.5272,0.5514,
Niebla,550,A,2,dry,0,X,0.6584,0.5245,0.5571,
Pentagenella,500,B,1,dry,0,Y,0.9761,0.5208,0.6655,
Pentagenella,600,B,1,dry,0,Z,0.9736,0.5225,0.6524,
Pentagenella,700,B,1,dry,0,al,0.7393,0.5317,0.5859,
Pentagenella,800,B,1,dry,0,be,0.6676,0.5333,0.564,
Pentagenella,500,B,2,dry,0,ga,0.7965,0.5265,0.5843,
Heterodermia,850,A,1,dry,0,de,0.648,0.5288,0.5557,
Heterodermia,750,A,1,dry,0,mu,0.7505,0.5183,0.5591,
Heterodermia,650,A,1,dry,0,nu,0.7838,0.5158,0.5898,
Heterodermia,850,A,2,dry,0,la,0.6015,0.5299,0.5444,
Heterodermia,750,A,2,dry,0,pi,0.7491,0.5358,0.5845,
Heterodermia,650,A,2,dry,0,si,0.6525,0.5323,0.551,
Pentagenella,600,B,2,dry,0,rh,1.0352,0.5407,0.6579,
Niebla,650,A,2,dry,0,W,0.627,0.5279,0.5669,
Pentagenella,700,B,2,dry,0,th,0.6812,0.537,0.5799,
Pentagenella,800,B,2,dry,0,ps,0.6582,0.5236,0.5556,
Heterodermia,700,B,1,dry,0,E,0.8307,0.534,0.5828,
Blank,0,na,1,dry,0,bl1,1.542,0.5251,,
Blank,0,na,2,dry,0,bl2,0.8238,0.5224,,
Blank,0,na,3,dry,0,bl3,,0.5157,0.5156,
Niebla,850,A,1,dry,10,S,0.6298,0.5258,0.5625,
Niebla,650,A,1,dry,10,T,0.7146,0.5333,0.5855,
Niebla,550,A,1,dry,10,U,0.6822,0.5426,0.5948,
Niebla,850,A,2,dry,10,V,0.5979,0.5272,0.5514,
Niebla,550,A,2,dry,10,X,0.6525,0.5245,0.5571,
Pentagenella,500,B,1,dry,10,Y,0.9618,0.5208,0.6655,
Pentagenella,600,B,1,dry,10,Z,0.9638,0.5225,0.6524,
Pentagenella,700,B,1,dry,10,al,0.7318,0.5317,0.5859,
Pentagenella,800,B,1,dry,10,be,0.6608,0.5333,0.564,
Pentagenella,500,B,2,dry,10,ga,0.789,0.5265,0.5843,
Heterodermia,850,A,1,dry,10,de,0.6401,0.5288,0.5557,
Heterodermia,750,A,1,dry,10,mu,0.7425,0.5183,0.5591,
Heterodermia,650,A,1,dry,10,nu,0.7743,0.5158,0.5898,
Heterodermia,850,A,2,dry,10,la,0.5963,0.5299,0.5444,
Heterodermia,750,A,2,dry,10,pi,0.7407,0.5358,0.5845,
Heterodermia,650,A,2,dry,10,si,0.6476,0.5323,0.551,
Pentagenella,600,B,2,dry,10,rh,1.0243,0.5407,0.6579,
Niebla,650,A,2,dry,10,W,0.6217,0.5279,0.5669,
Pentagenella,700,B,2,dry,10,th,0.6745,0.537,0.5799,
Pentagenella,800,B,2,dry,10,ps,0.6519,0.5236,0.5556,
Heterodermia,700,B,1,dry,10,E,0.8226,0.534,0.5828,
Blank,0,na,1,dry,10,bl1,1.5309,0.5251,,
Blank,0,na,2,dry,10,bl2,0.8182,0.5224,,
Blank,0,na,3,dry,10,bl3,,0.5157,0.5156,
Niebla,850,A,1,dry,20,S,0.6212,0.5258,0.5625,
Niebla,650,A,1,dry,20,T,0.6977,0.5333,0.5855,
Niebla,550,A,1,dry,20,U,0.6646,0.5426,0.5948,
Niebla,850,A,2,dry,20,V,0.5912,0.5272,0.5514,
Niebla,550,A,2,dry,20,X,0.6443,0.5245,0.5571,
Pentagenella,500,B,1,dry,20,Y,0.9515,0.5208,0.6655,
Pentagenella,600,B,1,dry,20,Z,0.9523,0.5225,0.6524,
Pentagenella,700,B,1,dry,20,al,0.7237,0.5317,0.5859,
Pentagenella,800,B,1,dry,20,be,0.6508,0.5333,0.564,
Pentagenella,500,B,2,dry,20,ga,0.7805,0.5265,0.5843,
Heterodermia,850,A,1,dry,20,de,0.634,0.5288,0.5557,
Heterodermia,750,A,1,dry,20,mu,0.7341,0.5183,0.5591,
Heterodermia,650,A,1,dry,20,nu,0.7628,0.5158,0.5898,
Heterodermia,850,A,2,dry,20,la,0.5905,0.5299,0.5444,
Heterodermia,750,A,2,dry,20,pi,0.7304,0.5358,0.5845,
Heterodermia,650,A,2,dry,20,si,0.6397,0.5323,0.551,
Pentagenella,600,B,2,dry,20,rh,1.0015,0.5407,0.6579,
Niebla,650,A,2,dry,20,W,0.6167,0.5279,0.5669,
Pentagenella,700,B,2,dry,20,th,0.6679,0.537,0.5799,
Pentagenella,800,B,2,dry,20,ps,0.646,0.5236,0.5556,
Heterodermia,700,B,1,dry,20,E,0.8151,0.534,0.5828,
Blank,0,na,1,dry,20,bl1,1.5197,0.5251,,
Blank,0,na,2,dry,20,bl2,0.8129,0.5224,,
Blank,0,na,3,dry,20,bl3,0.6096,0.5157,0.5156,
Niebla,850,A,1,dry,30,S,0.6149,0.5258,0.5625,
Niebla,650,A,1,dry,30,T,0.692,0.5333,0.5855,
Niebla,550,A,1,dry,30,U,0.6595,0.5426,0.5948,
Niebla,850,A,2,dry,30,V,0.5874,0.5272,0.5514,
Niebla,550,A,2,dry,30,X,0.6362,0.5245,0.5571,
Pentagenella,500,B,1,dry,30,Y,0.9295,0.5208,0.6655,
Pentagenella,600,B,1,dry,30,Z,0.932,0.5225,0.6524,
Pentagenella,700,B,1,dry,30,al,0.7068,0.5317,0.5859,
Pentagenella,800,B,1,dry,30,be,0.6398,0.5333,0.564,
Pentagenella,500,B,2,dry,30,ga,0.7657,0.5265,0.5843,
Heterodermia,850,A,1,dry,30,de,0.6269,0.5288,0.5557,
Heterodermia,750,A,1,dry,30,mu,0.7267,0.5183,0.5591,
Heterodermia,650,A,1,dry,30,nu,0.7544,0.5158,0.5898,
Heterodermia,850,A,2,dry,30,la,0.5856,0.5299,0.5444,
Heterodermia,750,A,2,dry,30,pi,0.7219,0.5358,0.5845,
Heterodermia,650,A,2,dry,30,si,0.6344,0.5323,0.551,
Pentagenella,600,B,2,dry,30,rh,0.9903,0.5407,0.6579,
Niebla,650,A,2,dry,30,W,0.6105,0.5279,0.5669,
Pentagenella,700,B,2,dry,30,th,0.6552,0.537,0.5799,
Pentagenella,800,B,2,dry,30,ps,0.6367,0.5236,0.5556,
Heterodermia,700,B,1,dry,30,E,0.798,0.534,0.5828,
Blank,0,na,1,dry,30,bl1,1.5068,0.5251,,
Blank,0,na,2,dry,30,bl2,0.8071,0.5224,,
Blank,0,na,3,dry,30,bl3,0.6028,0.5157,0.5156,
Niebla,850,A,1,dry,40,S,0.6088,0.5258,0.5625,
Niebla,650,A,1,dry,40,T,0.6861,0.5333,0.5855,
Niebla,550,A,1,dry,40,U,0.6553,0.5426,0.5948,
Niebla,850,A,2,dry,40,V,0.583,0.5272,0.5514,
Niebla,550,A,2,dry,40,X,0.6299,0.5245,0.5571,
Pentagenella,500,B,1,dry,40,Y,0.919,0.5208,0.6655,
Pentagenella,600,B,1,dry,40,Z,0.9215,0.5225,0.6524,
Pentagenella,700,B,1,dry,40,al,0.6959,0.5317,0.5859,
Pentagenella,800,B,1,dry,40,be,0.634,0.5333,0.564,
Pentagenella,500,B,2,dry,40,ga,0.757,0.5265,0.5843,
Heterodermia,850,A,1,dry,40,de,0.6183,0.5288,0.5557,
Heterodermia,750,A,1,dry,40,mu,0.7206,0.5183,0.5591,
Heterodermia,650,A,1,dry,40,nu,0.7479,0.5158,0.5898,
Heterodermia,850,A,2,dry,40,la,0.5829,0.5299,0.5444,
Heterodermia,750,A,2,dry,40,pi,0.7164,0.5358,0.5845,
Heterodermia,650,A,2,dry,40,si,0.6322,0.5323,0.551,
Pentagenella,600,B,2,dry,40,rh,0.9827,0.5407,0.6579,
Niebla,650,A,2,dry,40,W,0.6072,0.5279,0.5669,
Pentagenella,700,B,2,dry,40,th,0.6509,0.537,0.5799,
Pentagenella,800,B,2,dry,40,ps,0.6324,0.5236,0.5556,
Heterodermia,700,B,1,dry,40,E,0.7906,0.534,0.5828,
Blank,0,na,1,dry,40,bl1,1.4958,0.5251,,
Blank,0,na,2,dry,40,bl2,0.8028,0.5224,,
Blank,0,na,3,dry,40,bl3,0.5969,0.5157,0.5156,
Niebla,850,A,1,dry,50,S,0.6028,0.5258,0.5625,
Niebla,650,A,1,dry,50,T,0.68,0.5333,0.5855,
Niebla,550,A,1,dry,50,U,0.6513,0.5426,0.5948,
Niebla,850,A,2,dry,50,V,0.5788,0.5272,0.5514,
Niebla,550,A,2,dry,50,X,0.6244,0.5245,0.5571,
Pentagenella,500,B,1,dry,50,Y,0.9095,0.5208,0.6655,
Pentagenella,600,B,1,dry,50,Z,0.912,0.5225,0.6524,
Pentagenella,700,B,1,dry,50,al,0.6851,0.5317,0.5859,
Pentagenella,800,B,1,dry,50,be,0.6289,0.5333,0.564,
Pentagenella,500,B,2,dry,50,ga,0.749,0.5265,0.5843,
Heterodermia,850,A,1,dry,50,de,0.6126,0.5288,0.5557,
Heterodermia,750,A,1,dry,50,mu,0.7126,0.5183,0.5591,
Heterodermia,650,A,1,dry,50,nu,0.7374,0.5158,0.5898,
Heterodermia,850,A,2,dry,50,la,0.5763,0.5299,0.5444,
Heterodermia,750,A,2,dry,50,pi,0.7076,0.5358,0.5845,
Heterodermia,650,A,2,dry,50,si,0.6265,0.5323,0.551,
Pentagenella,600,B,2,dry,50,rh,0.9714,0.5407,0.6579,
Niebla,650,A,2,dry,50,W,0.6005,0.5279,0.5669,
Pentagenella,700,B,2,dry,50,th,0.643,0.537,0.5799,
Pentagenella,800,B,2,dry,50,ps,0.6251,0.5236,0.5556,
Heterodermia,700,B,1,dry,50,E,0.7802,0.534,0.5828,
Blank,0,na,1,dry,50,bl1,1.4811,0.5251,,
Blank,0,na,2,dry,50,bl2,0.7984,0.5224,,
Blank,0,na,3,dry,50,bl3,0.592,0.5157,0.5156,
Niebla,850,A,1,dry,60,S,0.5975,0.5258,0.5625,
Niebla,650,A,1,dry,60,T,0.6747,0.5333,0.5855,
Niebla,550,A,1,dry,60,U,0.6469,0.5426,0.5948,
Niebla,850,A,2,dry,60,V,0.5748,0.5272,0.5514,
Niebla,550,A,2,dry,60,X,0.6189,0.5245,0.5571,
Pentagenella,500,B,1,dry,60,Y,0.8998,0.5208,0.6655,
Pentagenella,600,B,1,dry,60,Z,0.9034,0.5225,0.6524,
Pentagenella,700,B,1,dry,60,al,0.6771,0.5317,0.5859,
Pentagenella,800,B,1,dry,60,be,0.6245,0.5333,0.564,
Pentagenella,500,B,2,dry,60,ga,0.7416,0.5265,0.5843,
Heterodermia,850,A,1,dry,60,de,0.607,0.5288,0.5557,
Heterodermia,750,A,1,dry,60,mu,0.7057,0.5183,0.5591,
Heterodermia,650,A,1,dry,60,nu,0.7299,0.5158,0.5898,
Heterodermia,850,A,2,dry,60,la,0.572,0.5299,0.5444,
Heterodermia,750,A,2,dry,60,pi,0.7012,0.5358,0.5845,
Heterodermia,650,A,2,dry,60,si,0.6225,0.5323,0.551,
Pentagenella,600,B,2,dry,60,rh,0.9624,0.5407,0.6579,
Niebla,650,A,2,dry,60,W,0.5964,0.5279,0.5669,
Pentagenella,700,B,2,dry,60,th,0.6379,0.537,0.5799,
Pentagenella,800,B,2,dry,60,ps,0.619,0.5236,0.5556,
Heterodermia,700,B,1,dry,60,E,0.7713,0.534,0.5828,
Blank,0,na,1,dry,60,bl1,1.4689,0.5251,,
Blank,0,na,2,dry,60,bl2,0.7935,0.5224,,
Blank,0,na,3,dry,60,bl3,0.5875,0.5157,0.5156,
Niebla,850,A,1,dry,90,S,0.5839,0.5258,0.5625,
Niebla,650,A,1,dry,90,T,0.6601,0.5333,0.5855,
Niebla,550,A,1,dry,90,U,0.6354,0.5426,0.5948,
Niebla,850,A,2,dry,90,V,0.5644,0.5272,0.5514,
Niebla,550,A,2,dry,90,X,0.6023,0.5245,0.5571,
Pentagenella,500,B,1,dry,90,Y,0.8718,0.5208,0.6655,
Pentagenella,600,B,1,dry,90,Z,0.878,0.5225,0.6524,
Pentagenella,700,B,1,dry,90,al,0.6563,0.5317,0.5859,
Pentagenella,800,B,1,dry,90,be,0.611,0.5333,0.564,
Pentagenella,500,B,2,dry,90,ga,0.7193,0.5265,0.5843,
Heterodermia,850,A,1,dry,90,de,0.5913,0.5288,0.5557,
Heterodermia,750,A,1,dry,90,mu,0.6856,0.5183,0.5591,
Heterodermia,650,A,1,dry,90,nu,0.7067,0.5158,0.5898,
Heterodermia,850,A,2,dry,90,la,0.559,0.5299,0.5444,
Heterodermia,750,A,2,dry,90,pi,0.6818,0.5358,0.5845,
Heterodermia,650,A,2,dry,90,si,0.6109,0.5323,0.551,
Pentagenella,600,B,2,dry,90,rh,0.9363,0.5407,0.6579,
Niebla,650,A,2,dry,90,W,0.5855,0.5279,0.5669,
Pentagenella,700,B,2,dry,90,th,0.6215,0.537,0.5799,
Pentagenella,800,B,2,dry,90,ps,0.6025,0.5236,0.5556,
Heterodermia,700,B,1,dry,90,E,0.7473,0.534,0.5828,
Blank,0,na,1,dry,90,bl1,1.4346,0.5251,,
Blank,0,na,2,dry,90,bl2,0.7805,0.5224,,
Blank,0,na,3,dry,90,bl3,0.579,0.5157,0.5156,
Niebla,850,A,1,dry,120,S,0.5739,0.5258,0.5625,
Niebla,650,A,1,dry,120,T,0.646,0.5333,0.5855,
Niebla,550,A,1,dry,120,U,0.6252,0.5426,0.5948,
Niebla,850,A,2,dry,120,V,0.5567,0.5272,0.5514,
Niebla,550,A,2,dry,120,X,0.5909,0.5245,0.5571,
Pentagenella,500,B,1,dry,120,Y,0.8441,0.5208,0.6655,
Pentagenella,600,B,1,dry,120,Z,0.8541,0.5225,0.6524,
Pentagenella,700,B,1,dry,120,al,0.636,0.5317,0.5859,
Pentagenella,800,B,1,dry,120,be,0.6009,0.5333,0.564,
Pentagenella,500,B,2,dry,120,ga,0.6998,0.5265,0.5843,
Heterodermia,850,A,1,dry,120,de,0.5797,0.5288,0.5557,
Heterodermia,750,A,1,dry,120,mu,0.6661,0.5183,0.5591,
Heterodermia,650,A,1,dry,120,nu,0.684,0.5158,0.5898,
Heterodermia,850,A,2,dry,120,la,0.5495,0.5299,0.5444,
Heterodermia,750,A,2,dry,120,pi,0.6634,0.5358,0.5845,
Heterodermia,650,A,2,dry,120,si,0.6003,0.5323,0.551,
Pentagenella,600,B,2,dry,120,rh,0.9118,0.5407,0.6579,
Niebla,650,A,2,dry,120,W,0.5778,0.5279,0.5669,
Pentagenella,700,B,2,dry,120,th,0.6055,0.537,0.5799,
Pentagenella,800,B,2,dry,120,ps,0.5866,0.5236,0.5556,
Heterodermia,700,B,1,dry,120,E,0.7243,0.534,0.5828,
Blank,0,na,1,dry,120,bl1,1.4008,0.5251,,
Blank,0,na,2,dry,120,bl2,0.7682,0.5224,,
Blank,0,na,3,dry,120,bl3,0.571,0.5157,0.5156,
Niebla,850,A,1,dry,150,S,0.5682,0.5258,0.5625,
Niebla,650,A,1,dry,150,T,0.634,0.5333,0.5855,
Niebla,550,A,1,dry,150,U,0.6169,0.5426,0.5948,
Niebla,850,A,2,dry,150,V,0.5538,0.5272,0.5514,
Niebla,550,A,2,dry,150,X,0.578,0.5245,0.5571,
Pentagenella,500,B,1,dry,150,Y,0.8162,0.5208,0.6655,
Pentagenella,600,B,1,dry,150,Z,0.8306,0.5225,0.6524,
Pentagenella,700,B,1,dry,150,al,0.6196,0.5317,0.5859,
Pentagenella,800,B,1,dry,150,be,0.5865,0.5333,0.564,
Pentagenella,500,B,2,dry,150,ga,0.6796,0.5265,0.5843,
Heterodermia,850,A,1,dry,150,de,0.5663,0.5288,0.5557,
Heterodermia,750,A,1,dry,150,mu,0.6471,0.5183,0.5591,
Heterodermia,650,A,1,dry,150,nu,0.6626,0.5158,0.5898,
Heterodermia,850,A,2,dry,150,la,0.546,0.5299,0.5444,
Heterodermia,750,A,2,dry,150,pi,0.6461,0.5358,0.5845,
Heterodermia,650,A,2,dry,150,si,0.5892,0.5323,0.551,
Pentagenella,600,B,2,dry,150,rh,0.8875,0.5407,0.6579,
Niebla,650,A,2,dry,150,W,0.5739,0.5279,0.5669,
Pentagenella,700,B,2,dry,150,th,0.5969,0.537,0.5799,
Pentagenella,800,B,2,dry,150,ps,0.5724,0.5236,0.5556,
Heterodermia,700,B,1,dry,150,E,0.7025,0.534,0.5828,
Blank,0,na,1,dry,150,bl1,1.3683,0.5251,,
Blank,0,na,2,dry,150,bl2,0.7559,0.5224,,
Blank,0,na,3,dry,150,bl3,0.564,0.5157,0.5156,
Niebla,850,A,1,dry,180,S,0.5664,0.5258,0.5625,
Niebla,650,A,1,dry,180,T,0.6245,0.5333,0.5855,
Niebla,550,A,1,dry,180,U,0.6089,0.5426,0.5948,
Niebla,850,A,2,dry,180,V,0.5542,0.5272,0.5514,
Niebla,550,A,2,dry,180,X,0.5677,0.5245,0.5571,
Pentagenella,500,B,1,dry,180,Y,0.7901,0.5208,0.6655,
Pentagenella,600,B,1,dry,180,Z,0.8059,0.5225,0.6524,
Pentagenella,700,B,1,dry,180,al,0.6057,0.5317,0.5859,
Pentagenella,800,B,1,dry,180,be,0.5735,0.5333,0.564,
Pentagenella,500,B,2,dry,180,ga,0.6592,0.5265,0.5843,
Heterodermia,850,A,1,dry,180,de,0.5592,0.5288,0.5557,
Heterodermia,750,A,1,dry,180,mu,0.6293,0.5183,0.5591,
Heterodermia,650,A,1,dry,180,nu,0.6421,0.5158,0.5898,
Heterodermia,850,A,2,dry,180,la,0.5458,0.5299,0.5444,
Heterodermia,750,A,2,dry,180,pi,0.629,0.5358,0.5845,
Heterodermia,650,A,2,dry,180,si,0.5789,0.5323,0.551,
Pentagenella,600,B,2,dry,180,rh,0.8635,0.5407,0.6579,
Niebla,650,A,2,dry,180,W,0.5718,0.5279,0.5669,
Pentagenella,700,B,2,dry,180,th,0.5934,0.537,0.5799,
Pentagenella,800,B,2,dry,180,ps,0.5628,0.5236,0.5556,
Heterodermia,700,B,1,dry,180,E,0.68,0.534,0.5828,
Blank,0,na,1,dry,180,bl1,1.3371,0.5251,,
Blank,0,na,2,dry,180,bl2,0.7443,0.5224,,
Blank,0,na,3,dry,180,bl3,0.5574,0.5157,0.5156,
Niebla,850,A,1,dry,210,S,0.566,0.5258,0.5625,
Niebla,650,A,1,dry,210,T,0.6156,0.5333,0.5855,
Niebla,550,A,1,dry,210,U,0.6036,0.5426,0.5948,
Niebla,850,A,2,dry,210,V,0.554,0.5272,0.5514,
Niebla,550,A,2,dry,210,X,0.5629,0.5245,0.5571,
Pentagenella,500,B,1,dry,210,Y,0.7652,0.5208,0.6655,
Pentagenella,600,B,1,dry,210,Z,0.7827,0.5225,0.6524,
Pentagenella,700,B,1,dry,210,al,0.5971,0.5317,0.5859,
Pentagenella,800,B,1,dry,210,be,0.5671,0.5333,0.564,
Pentagenella,500,B,2,dry,210,ga,0.64,0.5265,0.5843,
Heterodermia,850,A,1,dry,210,de,0.5582,0.5288,0.5557,
Heterodermia,750,A,1,dry,210,mu,0.6131,0.5183,0.5591,
Heterodermia,650,A,1,dry,210,nu,0.6241,0.5158,0.5898,
Heterodermia,850,A,2,dry,210,la,0.5462,0.5299,0.5444,
Heterodermia,750,A,2,dry,210,pi,0.6143,0.5358,0.5845,
Heterodermia,650,A,2,dry,210,si,0.5686,0.5323,0.551,
Pentagenella,600,B,2,dry,210,rh,0.8396,0.5407,0.6579,
Niebla,650,A,2,dry,210,W,0.5714,0.5279,0.5669,
Pentagenella,700,B,2,dry,210,th,0.5924,0.537,0.5799,
Pentagenella,800,B,2,dry,210,ps,0.5592,0.5236,0.5556,
Heterodermia,700,B,1,dry,210,E,0.6579,0.534,0.5828,
Blank,0,na,1,dry,210,bl1,1.3062,0.5251,,
Blank,0,na,2,dry,210,bl2,0.7323,0.5224,,
Blank,0,na,3,dry,210,bl3,0.5517,0.5157,0.5156,
Niebla,850,A,1,dry,240,S,0.5664,0.5258,0.5625,
Niebla,650,A,1,dry,240,T,0.6083,0.5333,0.5855,
Niebla,550,A,1,dry,240,U,0.6004,0.5426,0.5948,
Niebla,850,A,2,dry,240,V,0.5534,0.5272,0.5514,
Niebla,550,A,2,dry,240,X,0.5613,0.5245,0.5571,
Pentagenella,500,B,1,dry,240,Y,0.7425,0.5208,0.6655,
Pentagenella,600,B,1,dry,240,Z,0.7599,0.5225,0.6524,
Pentagenella,700,B,1,dry,240,al,0.5917,0.5317,0.5859,
Pentagenella,800,B,1,dry,240,be,0.5663,0.5333,0.564,
Pentagenella,500,B,2,dry,240,ga,0.6214,0.5265,0.5843,
Heterodermia,850,A,1,dry,240,de,0.5579,0.5288,0.5557,
Heterodermia,750,A,1,dry,240,mu,0.5986,0.5183,0.5591,
Heterodermia,650,A,1,dry,240,nu,0.6109,0.5158,0.5898,
Heterodermia,850,A,2,dry,240,la,0.5463,0.5299,0.5444,
Heterodermia,750,A,2,dry,240,pi,0.6037,0.5358,0.5845,
Heterodermia,650,A,2,dry,240,si,0.5607,0.5323,0.551,
Pentagenella,600,B,2,dry,240,rh,0.8172,0.5407,0.6579,
Niebla,650,A,2,dry,240,W,0.5711,0.5279,0.5669,
Pentagenella,700,B,2,dry,240,th,0.5925,0.537,0.5799,
Pentagenella,800,B,2,dry,240,ps,0.5586,0.5236,0.5556,
Heterodermia,700,B,1,dry,240,E,0.6363,0.534,0.5828,
Blank,0,na,1,dry,240,bl1,1.2767,0.5251,,
Blank,0,na,2,dry,240,bl2,0.7212,0.5224,,
Blank,0,na,3,dry,240,bl3,0.547,0.5157,0.5156,
Niebla,850,A,1,dry,300,S,0.5662,0.5258,0.5625,
Niebla,650,A,1,dry,300,T,0.599,0.5333,0.5855,
Niebla,550,A,1,dry,300,U,0.5992,0.5426,0.5948,
Niebla,850,A,2,dry,300,V,0.5539,0.5272,0.5514,
Niebla,550,A,2,dry,300,X,0.5607,0.5245,0.5571,
Pentagenella,500,B,1,dry,300,Y,0.7069,0.5208,0.6655,
Pentagenella,600,B,1,dry,300,Z,0.7169,0.5225,0.6524,
Pentagenella,700,B,1,dry,300,al,0.5901,0.5317,0.5859,
Pentagenella,800,B,1,dry,300,be,0.5665,0.5333,0.564,
Pentagenella,500,B,2,dry,300,ga,0.5976,0.5265,0.5843,
Heterodermia,850,A,1,dry,300,de,0.5582,0.5288,0.5557,
Heterodermia,750,A,1,dry,300,mu,0.5755,0.5183,0.5591,
Heterodermia,650,A,1,dry,300,nu,0.596,0.5158,0.5898,
Heterodermia,850,A,2,dry,300,la,0.5463,0.5299,0.5444,
Heterodermia,750,A,2,dry,300,pi,0.5911,0.5358,0.5845,
Heterodermia,650,A,2,dry,300,si,0.5537,0.5323,0.551,
Pentagenella,600,B,2,dry,300,rh,0.7733,0.5407,0.6579,
Niebla,650,A,2,dry,300,W,0.571,0.5279,0.5669,
Pentagenella,700,B,2,dry,300,th,0.5924,0.537,0.5799,
Pentagenella,800,B,2,dry,300,ps,0.5587,0.5236,0.5556,
Heterodermia,700,B,1,dry,300,E,0.6021,0.534,0.5828,
Blank,0,na,1,dry,300,bl1,1.2197,0.5251,,
Blank,0,na,2,dry,300,bl2,0.7014,0.5224,,
Blank,0,na,3,dry,300,bl3,0.5385,0.5157,0.5156,
Niebla,850,A,1,dry,360,S,0.5664,0.5258,0.5625,
Niebla,650,A,1,dry,360,T,0.5937,0.5333,0.5855,
Niebla,550,A,1,dry,360,U,0.5995,0.5426,0.5948,
Niebla,850,A,2,dry,360,V,0.5537,0.5272,0.5514,
Niebla,550,A,2,dry,360,X,0.5609,0.5245,0.5571,
Pentagenella,500,B,1,dry,360,Y,0.6857,0.5208,0.6655,
Pentagenella,600,B,1,dry,360,Z,0.689,0.5225,0.6524,
Pentagenella,700,B,1,dry,360,al,0.5901,0.5317,0.5859,
Pentagenella,800,B,1,dry,360,be,0.5665,0.5333,0.564,
Pentagenella,500,B,2,dry,360,ga,0.5899,0.5265,0.5843,
Heterodermia,850,A,1,dry,360,de,0.5583,0.5288,0.5557,
Heterodermia,750,A,1,dry,360,mu,,0.5183,0.5591,
Heterodermia,650,A,1,dry,360,nu,,0.5158,0.5898,
Heterodermia,850,A,2,dry,360,la,,0.5299,0.5444,
Heterodermia,750,A,2,dry,360,pi,,0.5358,0.5845,
Heterodermia,650,A,2,dry,360,si,,0.5323,0.551,
Pentagenella,600,B,2,dry,360,rh,,0.5407,0.6579,
Niebla,650,A,2,dry,360,W,,0.5279,0.5669,
Pentagenella,700,B,2,dry,360,th,,0.537,0.5799,
Pentagenella,800,B,2,dry,360,ps,,0.5236,0.5556,
Heterodermia,700,B,1,dry,360,E,,0.534,0.5828,
Blank,0,na,1,dry,360,bl1,,0.5251,,
Blank,0,na,2,dry,360,bl2,,0.5224,,
Blank,0,na,3,dry,360,bl3,,0.5157,0.5156,
