"","Species","Transect","Collection","Elevation","Quadrat","Collection2","Cover","Time_Surface","Time_Absorption","Angle","N","SpN","Genus","Order","Family","Form","Photobiont","Number","Sample","Mass",".N","d15N",".C","d13C","Notes"
"1","AcarosporaBull","B","TB800.6.1","800","6","TB_800_6_1","T",1,18.3333333333333,120,151,1,"Acarospora","Acarosporales","","Crustose","Trebouxia","1",NA,NA,NA,NA,NA,NA,""
"2","aeroLep","B","TB800.10.1","800","10","TB_800_10_1","1",1,12.5,90,156,2,"Lepraria","Lecanorales","","Leprose","Trebouxia","1",NA,NA,NA,NA,NA,NA,""
"3","Amygdalaria","B","TB800.1.9","800","1","TB_800_1_9","T",3.5,65,75,148,3,"Amygdalaria","Lecideales","","Crustose","Trebouxia","9",NA,NA,NA,NA,NA,NA,"specimen contains multiple species"
"4","Amygdalaria","B","TB800.1.9","800","10","TB_800_1_9","25",3.5,65,75,148,3,"Amygdalaria","Lecideales","","Crustose","Trebouxia",NA,NA,NA,NA,NA,NA,NA,NA
"5","Amygdalaria","B","TB800.1.9","800","3","TB_800_1_9","1",3.5,65,75,148,3,"Amygdalaria","Lecideales","","Crustose","Trebouxia",NA,NA,NA,NA,NA,NA,NA,NA
"6","Amygdalaria","B","TB800.1.9","800","4","TB_800_1_9","T",3.5,65,75,148,3,"Amygdalaria","Lecideales","","Crustose","Trebouxia",NA,NA,NA,NA,NA,NA,NA,NA
"7","Amygdalaria","B","TB800.1.9","800","5","TB_800_1_9","12",3.5,65,75,148,3,"Amygdalaria","Lecideales","","Crustose","Trebouxia",NA,NA,NA,NA,NA,NA,NA,NA
"8","Amygdalaria","B","TB800.1.9","800","7","TB_800_1_9","1",3.5,65,75,148,3,"Amygdalaria","Lecideales","","Crustose","Trebouxia",NA,NA,NA,NA,NA,NA,NA,NA
"9","Amygdalaria","B","TB800.1.9","800","8","TB_800_1_9","T",3.5,65,75,148,3,"Amygdalaria","Lecideales","","Crustose","Trebouxia",NA,NA,NA,NA,NA,NA,NA,NA
"10","Amygdalaria","B","TB800.1.9","800","9","TB_800_1_9","2",3.5,65,75,148,3,"Amygdalaria","Lecideales","","Crustose","Trebouxia",NA,NA,NA,NA,NA,NA,NA,NA
"11","AmygdalariaBullate","B","TB800.1.9","800","1","TB_800_1_9","T",3.5,65,75,144,4,"Amygdalaria","Lecideales","","Crustose","Trebouxia","9",NA,NA,NA,NA,NA,NA,"all the same?"
"12","AmygdalariaBullate","B","TB800.1.9","800","10","TB_800_1_9","25",3.5,65,75,144,4,"Amygdalaria","Lecideales","","Crustose","Trebouxia",NA,NA,NA,NA,NA,NA,NA,NA
"13","AmygdalariaBullate","B","TB800.1.9","800","3","TB_800_1_9","1",3.5,65,75,144,4,"Amygdalaria","Lecideales","","Crustose","Trebouxia",NA,NA,NA,NA,NA,NA,NA,NA
"14","AmygdalariaBullate","B","TB800.1.9","800","4","TB_800_1_9","T",3.5,65,75,144,4,"Amygdalaria","Lecideales","","Crustose","Trebouxia",NA,NA,NA,NA,NA,NA,NA,NA
"15","AmygdalariaBullate","B","TB800.1.9","800","5","TB_800_1_9","12",3.5,65,75,144,4,"Amygdalaria","Lecideales","","Crustose","Trebouxia",NA,NA,NA,NA,NA,NA,NA,NA
"16","AmygdalariaBullate","B","TB800.1.9","800","7","TB_800_1_9","1",3.5,65,75,144,4,"Amygdalaria","Lecideales","","Crustose","Trebouxia",NA,NA,NA,NA,NA,NA,NA,NA
"17","AmygdalariaBullate","B","TB800.1.9","800","8","TB_800_1_9","T",3.5,65,75,144,4,"Amygdalaria","Lecideales","","Crustose","Trebouxia",NA,NA,NA,NA,NA,NA,NA,NA
"18","AmygdalariaBullate","B","TB800.1.9","800","9","TB_800_1_9","2",3.5,65,75,144,4,"Amygdalaria","Lecideales","","Crustose","Trebouxia",NA,NA,NA,NA,NA,NA,NA,NA
"19","ApotheciateCerebriformis","B","TB700.1.13","700","1","TB_700_1_13","1",57.5,90,60,88,5,"Roccellina","Arthoniales","Roccellaceae","Sub-Fruticose","Trentepohlia","13","B700_1.13.raw",5.223,1,-3.57,33.19,-29.15,""
"20","Arctothelium","B","TB500.1.5","500","1","TB_500_1_5","T",NA,NA,NA,10,6,"Arthothelium","Arthoniales","","Crustose","Trentepohlia","5",NA,NA,NA,NA,NA,NA,""
"21","Arctothelium","B","TB500.1.5","500","10","TB_500_1_5","T",NA,NA,NA,10,6,"Arthothelium","Arthoniales","","Crustose","Trentepohlia",NA,NA,NA,NA,NA,NA,NA,NA
"22","Arctothelium","B","TB500.1.5","500","2","TB_500_1_5","T",NA,NA,NA,10,6,"Arthothelium","Arthoniales","","Crustose","Trentepohlia",NA,NA,NA,NA,NA,NA,NA,NA
"23","Arctothelium","B","TB500.1.5","500","3","TB_500_1_5","T",NA,NA,NA,10,6,"Arthothelium","Arthoniales","","Crustose","Trentepohlia",NA,NA,NA,NA,NA,NA,NA,NA
"24","Arctothelium","B","TB500.1.5","500","5","TB_500_1_5","T",NA,NA,NA,10,6,"Arthothelium","Arthoniales","","Crustose","Trentepohlia",NA,NA,NA,NA,NA,NA,NA,NA
"25","Arctothelium","B","TB500.1.5","500","6","TB_500_1_5","T",NA,NA,NA,10,6,"Arthothelium","Arthoniales","","Crustose","Trentepohlia",NA,NA,NA,NA,NA,NA,NA,NA
"26","Arctothelium","B","TB500.1.5","500","7","TB_500_1_5","T",NA,NA,NA,10,6,"Arthothelium","Arthoniales","","Crustose","Trentepohlia",NA,NA,NA,NA,NA,NA,NA,NA
"27","Arctothelium","B","TB600.1.4","600","1","TB_600_1_4","T",1,4.5,NA,10,6,"Arthothelium","Arthoniales","","Crustose","Trentepohlia","4",NA,NA,NA,NA,NA,NA,""
"28","Arctothelium","B","TB600.1.4","600","10","TB_600_1_4","1",1,4.5,NA,10,6,"Arthothelium","Arthoniales","","Crustose","Trentepohlia",NA,NA,NA,NA,NA,NA,NA,NA
"29","Arctothelium","B","TB600.1.4","600","2","TB_600_1_4","1",1,4.5,NA,10,6,"Arthothelium","Arthoniales","","Crustose","Trentepohlia",NA,NA,NA,NA,NA,NA,NA,NA
"30","Arctothelium","B","TB600.1.4","600","3","TB_600_1_4","3",1,4.5,NA,10,6,"Arthothelium","Arthoniales","","Crustose","Trentepohlia",NA,NA,NA,NA,NA,NA,NA,NA
"31","Arctothelium","B","TB600.1.4","600","5","TB_600_1_4","T",1,4.5,NA,10,6,"Arthothelium","Arthoniales","","Crustose","Trentepohlia",NA,NA,NA,NA,NA,NA,NA,NA
"32","Arctothelium","B","TB600.1.4","600","6","TB_600_1_4","T",1,4.5,NA,10,6,"Arthothelium","Arthoniales","","Crustose","Trentepohlia",NA,NA,NA,NA,NA,NA,NA,NA
"33","Arctothelium","B","TB600.1.4","600","7","TB_600_1_4","T",1,4.5,NA,10,6,"Arthothelium","Arthoniales","","Crustose","Trentepohlia",NA,NA,NA,NA,NA,NA,NA,NA
"34","Arctothelium","B","TB600.1.4","600","8","TB_600_1_4","T",1,4.5,NA,10,6,"Arthothelium","Arthoniales","","Crustose","Trentepohlia",NA,NA,NA,NA,NA,NA,NA,NA
"35","Arctothelium","B","TB600.1.4","600","9","TB_600_1_4","1",1,4.5,NA,10,6,"Arthothelium","Arthoniales","","Crustose","Trentepohlia",NA,NA,NA,NA,NA,NA,NA,NA
"36","Arctothelium","B","TB700.5.1","700","10","TB_700_5_1","T",1,NA,90,10,6,"Arthothelium","Arthoniales","","Crustose","Trentepohlia",NA,NA,NA,NA,NA,NA,NA,NA
"37","Arctothelium","B","TB700.5.1","700","5","TB_700_5_1","T",1,NA,90,10,6,"Arthothelium","Arthoniales","","Crustose","Trentepohlia","1",NA,NA,NA,NA,NA,NA,""
"38","Arctothelium","B","TB700.5.1","700","8","TB_700_5_1","T",1,NA,90,10,6,"Arthothelium","Arthoniales","","Crustose","Trentepohlia",NA,NA,NA,NA,NA,NA,NA,NA
"39","Arctothelium","B","TB700.5.1","700","9","TB_700_5_1","T",1,NA,90,10,6,"Arthothelium","Arthoniales","","Crustose","Trentepohlia",NA,NA,NA,NA,NA,NA,NA,NA
"40","Arctothelium","B","TB800.5.1","800","10","TB_800_5_1","1",1,3,160,10,6,"Arthothelium","Arthoniales","","Crustose","Trentepohlia",NA,NA,NA,NA,NA,NA,NA,NA
"41","Arctothelium","B","TB800.5.1","800","5","TB_800_5_1","T",1,3,160,10,6,"Arthothelium","Arthoniales","","Crustose","Trentepohlia","1",NA,NA,NA,NA,NA,NA,""
"42","Arctothelium","B","TB800.5.1","800","6","TB_800_5_1","T",1,3,160,10,6,"Arthothelium","Arthoniales","","Crustose","Trentepohlia",NA,NA,NA,NA,NA,NA,NA,NA
"43","Arctothelium","B","TB800.5.1","800","7","TB_800_5_1","T",1,3,160,10,6,"Arthothelium","Arthoniales","","Crustose","Trentepohlia",NA,NA,NA,NA,NA,NA,NA,NA
"44","Arctothelium","B","TB800.5.1","800","8","TB_800_5_1","T",1,3,160,10,6,"Arthothelium","Arthoniales","","Crustose","Trentepohlia",NA,NA,NA,NA,NA,NA,NA,NA
"45","Arctothelium","B","TB800.5.1","800","9","TB_800_5_1","T",1,3,160,10,6,"Arthothelium","Arthoniales","","Crustose","Trentepohlia",NA,NA,NA,NA,NA,NA,NA,NA
"46","AspiciliaStrigata","B","TB700.2.2","700","10","TB_700_2_2","T",1,6.33333333333333,80,92,9,"Aspicilia","Pertusariales","","Crustose","Trebouxia",NA,NA,NA,NA,NA,NA,NA,NA
"47","AspiciliaStrigata","B","TB700.2.2","700","2","TB_700_2_2","T",1,6.33333333333333,80,92,9,"Aspicilia","Pertusariales","","Crustose","Trebouxia","2",NA,NA,NA,NA,NA,NA,""
"48","BallsofYellow","B","TB500.9.1","500","9","TB_500_9_1","T",1,2,111.666666666667,132,10,"Lepraria","Lecanorales","","Leprose","Trebouxia","1","B500_9.1.raw",5.037,1.22,-1.26,33.22,-27.04,""
"49","BlackRugosePlacynthiella","B","TB700.2.9","700","2","TB_700_2_9","T",8.66666666666667,80,90,99,12,"Placynthiella","Lichinales","","Crustose","Cyanobacteria","9",NA,NA,NA,NA,NA,NA,""
"50","BlackRugosePlacynthiella","B","TB700.2.9","700","3","TB_700_2_9","2",8.66666666666667,80,90,99,12,"Placynthiella","Lichinales","","Crustose","Cyanobacteria",NA,NA,NA,NA,NA,NA,NA,NA
"51","BlackStipCren","B","TB400.1.3","400","1","TB_400_1_3","15",0.75,13.25,NA,125,13,"Roccellina","Arthoniales","","Sub-Fruticose","Trentepohlia","3",NA,NA,NA,NA,NA,NA,""
"52","BlackStipCren","B","TB400.1.3","400","10","TB_400_1_3","T",0.75,13.25,NA,125,13,"Roccellina","Arthoniales","","Sub-Fruticose","Trentepohlia",NA,NA,NA,NA,NA,NA,NA,NA
"53","BlackStipCren","B","TB400.1.3","400","2","TB_400_1_3","4",0.75,13.25,NA,125,13,"Roccellina","Arthoniales","","Sub-Fruticose","Trentepohlia",NA,NA,NA,NA,NA,NA,NA,NA
"54","BlackStipCren","B","TB500.8.1","500","8","TB_500_8_1","T",1,4,120,125,13,"Roccellina","Arthoniales","","Sub-Fruticose","Trentepohlia","1",NA,NA,NA,NA,NA,NA,""
"55","BlackStipCren","B","TB500.8.1","500","9","TB_500_8_1","11",1,4,120,125,13,"Roccellina","Arthoniales","","Sub-Fruticose","Trentepohlia",NA,NA,NA,NA,NA,NA,NA,NA
"56","BlackStipCren","B","TB600.1.10","600","1","TB_600_1_10","5",1,20,NA,125,13,"Roccellina","Arthoniales","","Sub-Fruticose","Trentepohlia","10",NA,NA,NA,NA,NA,NA,""
"57","BlackStipCren","B","TB600.1.10","600","5","TB_600_1_10","2",1,20,NA,125,13,"Roccellina","Arthoniales","","Sub-Fruticose","Trentepohlia",NA,NA,NA,NA,NA,NA,NA,NA
"58","BlackStipCren","B","TB600.1.10","600","8","TB_600_1_10","10",1,20,NA,125,13,"Roccellina","Arthoniales","","Sub-Fruticose","Trentepohlia",NA,NA,NA,NA,NA,NA,NA,NA
"59","BlackStipCren","B","TB800.2.1","800","2","TB_800_2_1","5",1,6.33333333333333,120,125,13,"Roccellina","Arthoniales","","Sub-Fruticose","Trentepohlia","1",NA,NA,NA,NA,NA,NA,""
"60","BlackStipCren","B","TB800.2.1","800","3","TB_800_2_1","T",1,6.33333333333333,120,125,13,"Roccellina","Arthoniales","","Sub-Fruticose","Trentepohlia",NA,NA,NA,NA,NA,NA,NA,NA
"61","BlackStipCren","B","TB800.2.1","800","4","TB_800_2_1","4",1,6.33333333333333,120,125,13,"Roccellina","Arthoniales","","Sub-Fruticose","Trentepohlia",NA,NA,NA,NA,NA,NA,NA,NA
"62","BlackStipCren","B","TB800.2.1","800","5","TB_800_2_1","T",1,6.33333333333333,120,125,13,"Roccellina","Arthoniales","","Sub-Fruticose","Trentepohlia",NA,NA,NA,NA,NA,NA,NA,NA
"63","BlackStipCren","B","TB800.2.1","800","7","TB_800_2_1","T",1,6.33333333333333,120,125,13,"Roccellina","Arthoniales","","Sub-Fruticose","Trentepohlia",NA,NA,NA,NA,NA,NA,NA,NA
"64","BlackStipCren","B","TB800.2.1","800","9","TB_800_2_1","2",1,6.33333333333333,120,125,13,"Roccellina","Arthoniales","","Sub-Fruticose","Trentepohlia",NA,NA,NA,NA,NA,NA,NA,NA
"65","BlackStipNonCren","B","TB400.1.7","400","1","TB_400_1_7","12",1.875,NA,NA,127,14,"Roccellina","Arthoniales","","Sub-Fruticose","Trentepohlia","7",NA,NA,NA,NA,NA,NA,""
"66","BlackStipNonCren","B","TB400.1.7","400","2","TB_400_1_7","T",1.875,NA,NA,127,14,"Roccellina","Arthoniales","","Sub-Fruticose","Trentepohlia",NA,NA,NA,NA,NA,NA,NA,NA
"67","BluePruApoTerr","B","TB800.9.2","800","9","TB_800_9_2","T",90,90,60,154,15,"Crustose","Arthoniales","","Crustose","Trentepohlia","2",NA,NA,NA,NA,NA,NA,""
"68","BluishApoToninia","B","TB700.2.12","700","2","TB_700_2_12","3",90,90,60,101,16,"Toninia","Lecanorales","","Crustose","Trebouxia","12",NA,NA,NA,NA,NA,NA,""
"69","BluishApoToninia","B","TB700.2.12","700","3","TB_700_2_12","T",90,90,60,101,16,"Toninia","Lecanorales","","Crustose","Trebouxia",NA,NA,NA,NA,NA,NA,NA,NA
"70","BrownSmearFertile","B","TB800.4.2","800","4","TB_800_4_2","T",1,1,120,150,22,"Crustose","","","Crustose","Trebouxia","2",NA,NA,NA,NA,NA,NA,""
"71","BrownSmoothAspicilia","B","TB700.2.8","700","2","TB_700_2_8","T",1,8,120,98,23,"Aspicilia","Pertusariales","","Crustose","Trebouxia","8",NA,NA,NA,NA,NA,NA,""
"72","BrownSmoothAspicilia","B","TB700.2.8","700","3","TB_700_2_8","1",1,8,120,98,23,"Aspicilia","Pertusariales","","Crustose","Trebouxia",NA,NA,NA,NA,NA,NA,NA,NA
"73","BuellaJorgensis","B","TB500.9.5","500","9","TB_500_9_5","T",1,21.3333333333333,90,81,25,"Buellia","Caliciales","","Crustose","Trebouxia","5",NA,NA,NA,NA,NA,NA,""
"74","BuellaJorgensis","B","TB600.1.6","600","1","TB_600_1_6","3",1,9,120,81,25,"Buellia","Caliciales","","Crustose","Trebouxia","6",NA,NA,NA,NA,NA,NA,""
"75","BuellaJorgensis","B","TB600.1.6","600","10","TB_600_1_6","T",1,9,120,81,25,"Buellia","Caliciales","","Crustose","Trebouxia",NA,NA,NA,NA,NA,NA,NA,NA
"76","BuellaJorgensis","B","TB600.1.6","600","3","TB_600_1_6","1",1,9,120,81,25,"Buellia","Caliciales","","Crustose","Trebouxia",NA,NA,NA,NA,NA,NA,NA,NA
"77","BuellaJorgensis","B","TB600.1.6","600","5","TB_600_1_6","T",1,9,120,81,25,"Buellia","Caliciales","","Crustose","Trebouxia",NA,NA,NA,NA,NA,NA,NA,NA
"78","BuellaJorgensis","B","TB600.1.6","600","8","TB_600_1_6","T",1,9,120,81,25,"Buellia","Caliciales","","Crustose","Trebouxia",NA,NA,NA,NA,NA,NA,NA,NA
"79","BuellaJorgensis","B","TB700.1.6","700","1","TB_700_1_6","T",1.33333333333333,21.6666666666667,105,81,25,"Buellia","Caliciales","","Crustose","Trebouxia","6",NA,NA,NA,NA,NA,NA,""
"80","BuellaJorgensis","B","TB700.1.6","700","2","TB_700_1_6","3",1.33333333333333,21.6666666666667,105,81,25,"Buellia","Caliciales","","Crustose","Trebouxia",NA,NA,NA,NA,NA,NA,NA,NA
"81","BuellaJorgensis","B","TB700.1.6","700","3","TB_700_1_6","2",1.33333333333333,21.6666666666667,105,81,25,"Buellia","Caliciales","","Crustose","Trebouxia",NA,NA,NA,NA,NA,NA,NA,NA
"82","BuellaJorgensis","B","TB800.2.4","800","2","TB_800_2_4","T",1,90,60,81,25,"Buellia","Caliciales","","Crustose","Trebouxia","4",NA,NA,NA,NA,NA,NA,""
"83","BuellaJorgensis","B","TB800.2.4","800","4","TB_800_2_4","4",1,90,60,81,25,"Buellia","Caliciales","","Crustose","Trebouxia",NA,NA,NA,NA,NA,NA,NA,NA
"84","BuellaJorgensis","B","TB800.2.4","800","5","TB_800_2_4","T",1,90,60,81,25,"Buellia","Caliciales","","Crustose","Trebouxia",NA,NA,NA,NA,NA,NA,NA,NA
"85","BuellaJorgensis","B","TB800.2.4","800","9","TB_800_2_4","5",1,90,60,81,25,"Buellia","Caliciales","","Crustose","Trebouxia",NA,NA,NA,NA,NA,NA,NA,NA
"86","BuellaJorgensisLign","B","TB600.4.3","600","4","TB_600_4_3","T",1.75,69.75,60,139,25,"Buellia","Caliciales","","Crustose","Trebouxia","3",NA,NA,NA,NA,NA,NA,"on wood"
"87","Caljorgensis","B","TB700.1.1","700","1","TB_700_1_1","T",1,2,60,77,26,"Caloplaca","Teloschistales","","Crustose","Trebouxia","1",NA,NA,NA,NA,NA,NA,""
"88","Caljorgensis","B","TB700.1.1","700","3","TB_700_1_1","T",1,2,60,77,26,"Caloplaca","Teloschistales","","Crustose","Trebouxia",NA,NA,NA,NA,NA,NA,NA,NA
"89","CaloOrtho","B","TB300.1.1","300","1","TB_300_1_1","T",0,0,130,122,27,"Caloplaca","Teloschistales","","Sub-Fruticose","Trebouxia","1",NA,NA,NA,NA,NA,NA,""
"90","CaloOrtho","B","TB300.1.1","300","4","TB_300_1_1","T",0,0,130,122,27,"Caloplaca","Teloschistales","","Sub-Fruticose","Trebouxia",NA,NA,NA,NA,NA,NA,NA,NA
"91","CaloOrtho","B","TB300.1.1","300","7","TB_300_1_1","T",0,0,130,122,27,"Caloplaca","Teloschistales","","Sub-Fruticose","Trebouxia",NA,NA,NA,NA,NA,NA,NA,NA
"92","CaloOrtho","B","TB400.1.1","400","1","TB_400_1_1","7",0,0,180,122,27,"Caloplaca","Teloschistales","","Sub-Fruticose","Trebouxia","1",NA,NA,NA,NA,NA,NA,""
"93","CaloOrtho","B","TB400.1.1","400","3","TB_400_1_1","T",0,0,180,122,27,"Caloplaca","Teloschistales","","Sub-Fruticose","Trebouxia",NA,NA,NA,NA,NA,NA,NA,NA
"94","CaloOrtho","B","TB400.1.1","400","7","TB_400_1_1","T",0,0,180,122,27,"Caloplaca","Teloschistales","","Sub-Fruticose","Trebouxia",NA,NA,NA,NA,NA,NA,NA,NA
"95","CaloOrtho","B","TB500.1.2","500","1","TB_500_1_2","5",0,0.666666666666667,180,122,27,"Caloplaca","Teloschistales","","Sub-Fruticose","Trebouxia","2",NA,NA,NA,NA,NA,NA,""
"96","CaloOrtho","B","TB500.1.2","500","10","TB_500_1_2","T",0,0.666666666666667,180,122,27,"Caloplaca","Teloschistales","","Sub-Fruticose","Trebouxia",NA,NA,NA,NA,NA,NA,NA,NA
"97","CaloOrtho","B","TB500.1.2","500","2","TB_500_1_2","1",0,0.666666666666667,180,122,27,"Caloplaca","Teloschistales","","Sub-Fruticose","Trebouxia",NA,NA,NA,NA,NA,NA,NA,NA
"98","CaloOrtho","B","TB500.1.2","500","4","TB_500_1_2","1",0,0.666666666666667,180,122,27,"Caloplaca","Teloschistales","","Sub-Fruticose","Trebouxia",NA,NA,NA,NA,NA,NA,NA,NA
"99","CaloOrtho","B","TB500.1.2","500","5","TB_500_1_2","T",0,0.666666666666667,180,122,27,"Caloplaca","Teloschistales","","Sub-Fruticose","Trebouxia",NA,NA,NA,NA,NA,NA,NA,NA
"100","CaloOrtho","B","TB500.1.2","500","6","TB_500_1_2","4",0,0.666666666666667,180,122,27,"Caloplaca","Teloschistales","","Sub-Fruticose","Trebouxia",NA,NA,NA,NA,NA,NA,NA,NA
"101","CaloOrtho","B","TB500.1.2","500","7","TB_500_1_2","3",0,0.666666666666667,180,122,27,"Caloplaca","Teloschistales","","Sub-Fruticose","Trebouxia",NA,NA,NA,NA,NA,NA,NA,NA
"102","CaloOrtho","B","TB500.1.2","500","8","TB_500_1_2","2",0,0.666666666666667,180,122,27,"Caloplaca","Teloschistales","","Sub-Fruticose","Trebouxia",NA,NA,NA,NA,NA,NA,NA,NA
"103","CaloOrtho","B","TB500.1.2","500","9","TB_500_1_2","2",0,0.666666666666667,180,122,27,"Caloplaca","Teloschistales","","Sub-Fruticose","Trebouxia",NA,NA,NA,NA,NA,NA,NA,NA
"104","CaloOrtho","B","TB600.1.1","600","1","TB_600_1_1","2",0,0,NA,122,27,"Caloplaca","Teloschistales","","Sub-Fruticose","Trebouxia","1",NA,NA,NA,NA,NA,NA,""
"105","CaloOrtho","B","TB600.1.1","600","2","TB_600_1_1","T",0,0,NA,122,27,"Caloplaca","Teloschistales","","Sub-Fruticose","Trebouxia",NA,NA,NA,NA,NA,NA,NA,NA
"106","CaloOrtho","B","TB600.1.1","600","3","TB_600_1_1","1",0,0,NA,122,27,"Caloplaca","Teloschistales","","Sub-Fruticose","Trebouxia",NA,NA,NA,NA,NA,NA,NA,NA
"107","CaloOrtho","B","TB600.1.1","600","5","TB_600_1_1","T",0,0,NA,122,27,"Caloplaca","Teloschistales","","Sub-Fruticose","Trebouxia",NA,NA,NA,NA,NA,NA,NA,NA
"108","CaloOrtho","B","TB600.1.1","600","7","TB_600_1_1","1",0,0,NA,122,27,"Caloplaca","Teloschistales","","Sub-Fruticose","Trebouxia",NA,NA,NA,NA,NA,NA,NA,NA
"109","CaloOrtho","B","TB600.1.1","600","8","TB_600_1_1","T",0,0,NA,122,27,"Caloplaca","Teloschistales","","Sub-Fruticose","Trebouxia",NA,NA,NA,NA,NA,NA,NA,NA
"110","CaloOrtho","B","TB600.1.1","600","9","TB_600_1_1","T",0,0,NA,122,27,"Caloplaca","Teloschistales","","Sub-Fruticose","Trebouxia",NA,NA,NA,NA,NA,NA,NA,NA
"111","CaloPhlogina","B","TB500.9.4","500","9","TB_500_9_4","T",1,8.5,90,133,28,"Caloplaca","Teloschistales","","Crustose","Trebouxia","4",NA,NA,NA,NA,NA,NA,""
"112","CaloPhlogina","B","TB800.2.3","800","2","TB_800_2_3","T",NA,NA,NA,133,28,"Caloplaca","Teloschistales","","Crustose","Trebouxia","3",NA,NA,NA,NA,NA,NA,""
"113","CaloPhlogina","B","TB800.2.3","800","4","TB_800_2_3","1",NA,NA,NA,133,28,"Caloplaca","Teloschistales","","Crustose","Trebouxia",NA,NA,NA,NA,NA,NA,NA,NA
"114","CaloSubhervidela","B","TB500.6.1","500","10","TB_500_6_1","T",0,0,NA,131,33,"Caloplaca","Teloschistales","","Crustose","Trebouxia",NA,NA,NA,NA,NA,NA,NA,NA
"115","CaloSubhervidela","B","TB500.6.1","500","6","TB_500_6_1","T",0,0,NA,131,33,"Caloplaca","Teloschistales","","Crustose","Trebouxia","1",NA,NA,NA,NA,NA,NA,""
"116","CaloSubhervidela","B","TB500.6.1","500","7","TB_500_6_1","T",0,0,NA,131,33,"Caloplaca","Teloschistales","","Crustose","Trebouxia",NA,NA,NA,NA,NA,NA,NA,NA
"117","Chrysothrix","B","TB500.1.3","500","1","TB_500_1_3","1",90,90,60,87,38,"Chrysothrix","Arthoniales","","Leprose","Trebouxia","3",NA,NA,NA,NA,NA,NA,""
"118","Chrysothrix","B","TB600.1.7","600","1","TB_600_1_7","T",90,90,60,87,38,"Chrysothrix","Arthoniales","","Leprose","Trebouxia","7","B600_1.7.raw",4.572,2.36,0.12,27.55,-22.02,""
"119","Chrysothrix","B","TB600.1.7","600","3","TB_600_1_7","T",90,90,60,87,38,"Chrysothrix","Arthoniales","","Leprose","Trebouxia",NA,NA,NA,NA,NA,NA,NA,NA
"120","Chrysothrix","B","TB700.1.12","700","1","TB_700_1_12","T",90,90,60,87,38,"Chrysothrix","Arthoniales","","Leprose","Trebouxia","12","B700_1.12.raw",4.797,2.58,1.15,28.61,-21.12,""
"121","Chrysothrix","B","TB700.1.12","700","2","TB_700_1_12","1",90,90,60,87,38,"Chrysothrix","Arthoniales","","Leprose","Trebouxia",NA,NA,NA,NA,NA,NA,NA,NA
"122","Chrysothrix","B","TB700.1.12","700","3","TB_700_1_12","3",90,90,60,87,38,"Chrysothrix","Arthoniales","","Leprose","Trebouxia",NA,NA,NA,NA,NA,NA,NA,NA
"123","Chrysothrix","B","TB700.1.12","700","4","TB_700_1_12","T",90,90,60,87,38,"Chrysothrix","Arthoniales","","Leprose","Trebouxia",NA,NA,NA,NA,NA,NA,NA,NA
"124","Chrysothrix","B","TB700.1.12","700","5","TB_700_1_12","T",90,90,60,87,38,"Chrysothrix","Arthoniales","","Leprose","Trebouxia",NA,NA,NA,NA,NA,NA,NA,NA
"125","Chrysothrix","B","TB700.1.12","700","6","TB_700_1_12","T",90,90,60,87,38,"Chrysothrix","Arthoniales","","Leprose","Trebouxia",NA,NA,NA,NA,NA,NA,NA,NA
"126","Chrysothrix","B","TB700.1.12","700","7","TB_700_1_12","T",90,90,60,87,38,"Chrysothrix","Arthoniales","","Leprose","Trebouxia",NA,NA,NA,NA,NA,NA,NA,NA
"127","Chrysothrix","B","TB700.1.12","700","9","TB_700_1_12","T",90,90,60,87,38,"Chrysothrix","Arthoniales","","Leprose","Trebouxia",NA,NA,NA,NA,NA,NA,NA,NA
"128","Chrysothrix","B","TB800.1.1","800","1","TB_800_1_1","1",90,90,60,87,38,"Chrysothrix","Arthoniales","","Leprose","Trebouxia","1",NA,NA,NA,NA,NA,NA,""
"129","Chrysothrix","B","TB800.1.1","800","10","TB_800_1_1","3",90,90,60,87,38,"Chrysothrix","Arthoniales","","Leprose","Trebouxia",NA,NA,NA,NA,NA,NA,NA,NA
"130","Chrysothrix","B","TB800.1.1","800","2","TB_800_1_1","1",90,90,60,87,38,"Chrysothrix","Arthoniales","","Leprose","Trebouxia",NA,NA,NA,NA,NA,NA,NA,NA
"131","Chrysothrix","B","TB800.1.1","800","3","TB_800_1_1","T",90,90,60,87,38,"Chrysothrix","Arthoniales","","Leprose","Trebouxia",NA,NA,NA,NA,NA,NA,NA,NA
"132","Chrysothrix","B","TB800.1.1","800","4","TB_800_1_1","T",90,90,60,87,38,"Chrysothrix","Arthoniales","","Leprose","Trebouxia",NA,NA,NA,NA,NA,NA,NA,NA
"133","Chrysothrix","B","TB800.1.1","800","5","TB_800_1_1","1",90,90,60,87,38,"Chrysothrix","Arthoniales","","Leprose","Trebouxia",NA,NA,NA,NA,NA,NA,NA,NA
"134","Chrysothrix","B","TB800.1.1","800","6","TB_800_1_1","T",90,90,60,87,38,"Chrysothrix","Arthoniales","","Leprose","Trebouxia",NA,NA,NA,NA,NA,NA,NA,NA
"135","Chrysothrix","B","TB800.1.1","800","7","TB_800_1_1","T",90,90,60,87,38,"Chrysothrix","Arthoniales","","Leprose","Trebouxia",NA,NA,NA,NA,NA,NA,NA,NA
"136","Chrysothrix","B","TB800.1.1","800","8","TB_800_1_1","T",90,90,60,87,38,"Chrysothrix","Arthoniales","","Leprose","Trebouxia",NA,NA,NA,NA,NA,NA,NA,NA
"137","Chrysothrix","B","TB800.1.1","800","9","TB_800_1_1","T",90,90,60,87,38,"Chrysothrix","Arthoniales","","Leprose","Trebouxia",NA,NA,NA,NA,NA,NA,NA,NA
"138","ContortedPentagenella","B","TB700.3.5","700","3","TB_700_3_5","T",NA,NA,NA,111,41,"Pentagenella","Arthoniales","","Fruticose","Trentepohlia","5",NA,NA,NA,NA,NA,NA,"Mostly broken off and lost?"
"139","CrazyFlatRamalina","B","TB600.4.1","600","4","TB_600_4_1","10",30.8333333333333,NA,NA,137,42,"Ramalina","Lecanorales","","Fruticose","Trentepohlia","1","B600_4.1.raw",4.71,1.67,1.1,45.85,-21.02,""
"140","CrazyFlatRamalina","B","TB600.4.1","600","4","TB_600_4_1","10",30.8333333333333,NA,NA,137,42,"Ramalina","Lecanorales","","Fruticose","Trentepohlia","1","B600_4.1_Nieb.raw",4.829,1.68,0.59,40.07,-18.89,""
"141","Endoconchic","B","TB600.3.1","600","3","TB_600_3_1","T",NA,NA,NA,135,45,"Crustose","","","Crustose","Trebouxia","1",NA,NA,NA,NA,NA,NA,""
"142","EndolithicBuellia","B","TB700.9.1","700","10","TB_700_9_1","T",1,3.5,120,119,47,"Buellia","Caliciales","","Crustose","Trebouxia",NA,NA,NA,NA,NA,NA,NA,NA
"143","EndolithicBuellia","B","TB700.9.1","700","9","TB_700_9_1","T",1,3.5,120,119,47,"Buellia","Caliciales","","Crustose","Trebouxia","1",NA,NA,NA,NA,NA,NA,""
"144","Enterographa","B","TB600.3.2","600","3","TB_600_3_2","T",3,42.6666666666667,90,136,48,"Enterographa","Arthoniales","","Crustose","Trentepohlia","2",NA,NA,NA,NA,NA,NA,"on wood"
"145","EpinecralAspicilia","B","TB700.4.2","700","4","TB_700_4_2","2",1,1.5,140,114,49,"Aspicilia","Pertusariales","","Crustose","Trebouxia","2",NA,NA,NA,NA,NA,NA,""
"146","EpinecralAspicilia","B","TB700.4.2","700","6","TB_700_4_2","2",1,1.5,140,114,49,"Aspicilia","Pertusariales","","Crustose","Trebouxia",NA,NA,NA,NA,NA,NA,NA,NA
"147","FineFlattenedNiebla","B","TB700.2.5","700","2","TB_700_2_5","T",22.6666666666667,90,30,95,50,"Niebla","Lecanorales","","Fruticose","Trebouxia","5",NA,NA,NA,NA,NA,NA,""
"148","Finlike","B","TB400.1.4","400","1","TB_400_1_4","1",NA,NA,30,126,51,"Roccellina","Arthoniales","","Fruticose","Trentepohlia","4",NA,NA,NA,NA,NA,NA,""
"149","Finlike","B","TB400.1.4","400","10","TB_400_1_4","2",NA,NA,30,126,51,"Roccellina","Arthoniales","","Fruticose","Trentepohlia",NA,NA,NA,NA,NA,NA,NA,NA
"150","Finlike","B","TB400.1.4","400","2","TB_400_1_4","T",NA,NA,30,126,51,"Roccellina","Arthoniales","","Fruticose","Trentepohlia",NA,NA,NA,NA,NA,NA,NA,NA
"151","Finlike","B","TB400.1.4","400","5","TB_400_1_4","T",NA,NA,30,126,51,"Roccellina","Arthoniales","","Fruticose","Trentepohlia",NA,NA,NA,NA,NA,NA,NA,NA
"152","Finlike","B","TB500.9.3","500","9","TB_500_9_3","1",1,20.5,78.75,126,51,"Roccellina","Arthoniales","","Fruticose","Trentepohlia","3","B_500_9.3.raw",4.835,1.18,0.65,31.84,-27.08,""
"153","FlattenedLepro","B","TB700.3.7","700","3","TB_700_3_7","T",NA,NA,NA,110,52,"Lepraria","Lecanorales","","Leprose","Trebouxia","7",NA,NA,NA,NA,NA,NA,""
"154","GrayRhizocarpon","B","TB500.1.6","500","1","TB_500_1_6","T",NA,NA,NA,33,56,"Rhizocarpon","Rhizocarpales","","Crustose","Trebouxia","6",NA,NA,NA,NA,NA,NA,""
"155","GrayRhizocarpon","B","TB600.1.8","600","1","TB_600_1_8","T",1,35,100,33,56,"Rhizocarpon","Rhizocarpales","","Crustose","Trebouxia","8",NA,NA,NA,NA,NA,NA,""
"156","GrayRhizocarpon","B","TB600.1.8","600","5","TB_600_1_8","T",1,35,100,33,56,"Rhizocarpon","Rhizocarpales","","Crustose","Trebouxia",NA,NA,NA,NA,NA,NA,NA,NA
"157","GrayRhizocarpon","B","TB600.1.8","600","8","TB_600_1_8","T",1,35,100,33,56,"Rhizocarpon","Rhizocarpales","","Crustose","Trebouxia",NA,NA,NA,NA,NA,NA,NA,NA
"158","GrayRhizoPseudolir","B","TB800.2.2","800","2","TB_800_2_2","T",1,41.6,108,145,57,"Rhizocarpon","Rhizocarpales","","Crustose","Trebouxia","2",NA,NA,NA,NA,NA,NA,""
"159","GrayRhizoPseudolir","B","TB800.2.2","800","6","TB_800_2_2","2",1,41.6,108,145,57,"Rhizocarpon","Rhizocarpales","","Crustose","Trebouxia",NA,NA,NA,NA,NA,NA,NA,NA
"160","GrayRhizoPseudolir","B","TB800.2.2","800","7","TB_800_2_2","T",1,41.6,108,145,57,"Rhizocarpon","Rhizocarpales","","Crustose","Trebouxia",NA,NA,NA,NA,NA,NA,NA,NA
"161","GrayRhizoPseudolir","B","TB800.2.2","800","9","TB_800_2_2","6",1,41.6,108,145,57,"Rhizocarpon","Rhizocarpales","","Crustose","Trebouxia",NA,NA,NA,NA,NA,NA,NA,NA
"162","GreenBrain","B","TB800.1.6","800","1","TB_800_1_6","T",0.75,1,NA,53,60,"Crustose","Lecanorales","","Sub-Fruticose","Trebouxia","6","B800_1.6.raw",5.129,1.28,0.05,29.15,-18.71,""
"163","GreenBrain","B","TB800.1.6","800","4","TB_800_1_6","T",0.75,1,NA,53,60,"Crustose","Lecanorales","","Sub-Fruticose","Trebouxia",NA,NA,NA,NA,NA,NA,NA,NA
"164","GreenBrain","B","TB800.1.6","800","8","TB_800_1_6","T",0.75,1,NA,53,60,"Crustose","Lecanorales","","Sub-Fruticose","Trebouxia",NA,NA,NA,NA,NA,NA,NA,NA
"165","GreyRhizoStipApo","B","TB800.3.3","800","10","TB_800_3_3","T",1,18.4,90,146,62,"Rhizocarpon","Rhizocarpales","","Crustose","Trebouxia",NA,NA,NA,NA,NA,NA,NA,NA
"166","GreyRhizoStipApo","B","TB800.3.3","800","3","TB_800_3_3","3",1,18.4,90,146,62,"Rhizocarpon","Rhizocarpales","","Crustose","Trebouxia","3",NA,NA,NA,NA,NA,NA,""
"167","GreyRhizoStipApo","B","TB800.3.3","800","4","TB_800_3_3","4",1,18.4,90,146,62,"Rhizocarpon","Rhizocarpales","","Crustose","Trebouxia",NA,NA,NA,NA,NA,NA,NA,NA
"168","GreyRhizoStipApo","B","TB800.3.3","800","5","TB_800_3_3","2",1,18.4,90,146,62,"Rhizocarpon","Rhizocarpales","","Crustose","Trebouxia",NA,NA,NA,NA,NA,NA,NA,NA
"169","GreyRhizoStipApo","B","TB800.3.3","800","7","TB_800_3_3","T",1,18.4,90,146,62,"Rhizocarpon","Rhizocarpales","","Crustose","Trebouxia",NA,NA,NA,NA,NA,NA,NA,NA
"170","GreyRhizoStipApo","B","TB600.3.3","600","3","TB_600_3_3",NA,NA,NA,NA,NA,NA,NA,NA,NA,NA,NA,"3",NA,NA,NA,NA,NA,NA,"not listed in field notes for quadrat"
"171","HetFoll","B","TB500.1.7","500","1","TB_500_1_7","T",1,10.1666666666667,80,91,63,"Heterodermia","Caliciales","","Foliose","Trebouxia","7",NA,NA,NA,NA,NA,NA,""
"172","HetFoll","B","TB600.4.4","600","4","TB_600_4_4","T",1,14.75,77.5,91,63,"Heterodermia","Caliciales","","Foliose","Trebouxia","4",NA,NA,NA,NA,NA,NA,""
"173","HetFoll","B","TB700.2.1","700","2","TB_700_2_1","4",1.5,68.75,NA,91,63,"Heterodermia","Caliciales","","Foliose","Trebouxia","1","B700_2.1.raw",5.411,1.02,-1.76,28.18,-20.8,""
"174","HetFoll","B","TB700.2.1","700","3","TB_700_2_1","1",1.5,68.75,NA,91,63,"Heterodermia","Caliciales","","Foliose","Trebouxia",NA,NA,NA,NA,NA,NA,NA,NA
"175","HetFoll","B","TB700.2.1","700","6","TB_700_2_1","T",1.5,68.75,NA,91,63,"Heterodermia","Caliciales","","Foliose","Trebouxia",NA,NA,NA,NA,NA,NA,NA,NA
"176","HetFoll","B","TB800.1.2","800","1","TB_800_1_2","T",19.25,42.6666666666667,67.5,91,63,"Heterodermia","Caliciales","","Foliose","Trebouxia","2","B800_1.2.raw",4.749,1.21,-0.91,33.11,-21.16,""
"177","HetFoll","B","TB800.1.2","800","10","TB_800_1_2","1",19.25,42.6666666666667,67.5,91,63,"Heterodermia","Caliciales","","Foliose","Trebouxia",NA,NA,NA,NA,NA,NA,NA,NA
"178","HetFoll","B","TB800.1.2","800","2","TB_800_1_2","T",19.25,42.6666666666667,67.5,91,63,"Heterodermia","Caliciales","","Foliose","Trebouxia",NA,NA,NA,NA,NA,NA,NA,NA
"179","HetFoll","B","TB800.1.2","800","4","TB_800_1_2","4",19.25,42.6666666666667,67.5,91,63,"Heterodermia","Caliciales","","Foliose","Trebouxia",NA,NA,NA,NA,NA,NA,NA,NA
"180","HetFoll","B","TB800.1.2","800","5","TB_800_1_2","T",19.25,42.6666666666667,67.5,91,63,"Heterodermia","Caliciales","","Foliose","Trebouxia",NA,NA,NA,NA,NA,NA,NA,NA
"181","HetLeucomelos","B","TB700.2.11","700","10","TB_700_2_11","T",2,90,120,100,64,"Heterodermia","Caliciales","","Foliose","Trebouxia",NA,NA,NA,NA,NA,NA,NA,NA
"182","HetLeucomelos","B","TB700.2.11","700","2","TB_700_2_11","T",2,90,120,100,64,"Heterodermia","Caliciales","","Foliose","Trebouxia","11","B700_2.11.raw",5.204,1.97,0.08,37.34,-20.05,""
"183","HetLeucomelos","B","TB700.2.11","700","6","TB_700_2_11","T",2,90,120,100,64,"Heterodermia","Caliciales","","Foliose","Trebouxia",NA,NA,NA,NA,NA,NA,NA,NA
"184","HetLeucomelos","B","TB700.2.11","700","8","TB_700_2_11","T",2,90,120,100,64,"Heterodermia","Caliciales","","Foliose","Trebouxia",NA,NA,NA,NA,NA,NA,NA,NA
"185","HyperBranchedNiebla","B","TB800.3.1","800","3","TB_800_3_1","T",70.8571428571429,84.2857142857143,60,147,65,"Niebla","Lecanorales","","Foliose","Trebouxia","1","B800_3.1.raw",4.948,0.62,-0.48,44.12,-22.28,""
"186","HyperBranchedNiebla","B","TB800.3.1","800","4","TB_800_3_1","T",70.8571428571429,84.2857142857143,60,147,65,"Niebla","Lecanorales","","Foliose","Trebouxia",NA,NA,NA,NA,NA,NA,NA,NA
"187","HyperIsidiateNiebla","B","TB700.2.13","700","2","TB_700_2_13","T",90,90,60,102,66,"Niebla","Lecanorales","","Foliose","Trebouxia","13","B700_2.13.raw",5.178,1.18,0.26,28.58,-22.35,""
"188","HyperIsidiateNiebla","B","TB700.2.13","700","3","TB_700_2_13","1",90,90,60,102,66,"Niebla","Lecanorales","","Foliose","Trebouxia",NA,NA,NA,NA,NA,NA,NA,NA
"189","HyperIsidiateNiebla","B","TB700.2.13","700","4","TB_700_2_13","T",90,90,60,102,66,"Niebla","Lecanorales","","Foliose","Trebouxia",NA,NA,NA,NA,NA,NA,NA,NA
"190","HyperIsidiateNiebla","B","TB700.2.13","700","6","TB_700_2_13","T",90,90,60,102,66,"Niebla","Lecanorales","","Foliose","Trebouxia",NA,NA,NA,NA,NA,NA,NA,NA
"191","Leprocaulon","B","TB800.1.8","800","1","TB_800_1_8","T",90,90,30,143,68,"Leprocaulon","Leprocaulales","","Fruticose","Trebouxia","8","B800_1.8.raw",4.929,0.88,0.73,17.63,-23.83,""
"192","Leprocaulon","B","TB800.1.8","800","10","TB_800_1_8","T",90,90,30,143,68,"Leprocaulon","Leprocaulales","","Fruticose","Trebouxia",NA,NA,NA,NA,NA,NA,NA,NA
"193","Leprocaulon","B","TB800.1.8","800","4","TB_800_1_8","2",90,90,30,143,68,"Leprocaulon","Leprocaulales","","Fruticose","Trebouxia",NA,NA,NA,NA,NA,NA,NA,NA
"194","LirRhizocarpon","B","TB500.9.6","500","9","TB_500_9_6","T",1,45,120,78,70,"Rhizocarpon","Rhizocarpales","","Crustose","Trebouxia","6",NA,NA,NA,NA,NA,NA,""
"195","LirRhizocarpon","B","TB700.1.2","700","1","TB_700_1_2","6",17.6666666666667,90,100,78,70,"Rhizocarpon","Rhizocarpales","","Crustose","Trebouxia","2",NA,NA,NA,NA,NA,NA,""
"196","LirRhizocarpon","B","TB700.1.2","700","2","TB_700_1_2","5",17.6666666666667,90,100,78,70,"Rhizocarpon","Rhizocarpales","","Crustose","Trebouxia",NA,NA,NA,NA,NA,NA,NA,NA
"197","LirRhizocarpon","B","TB700.1.2","700","3","TB_700_1_2","3",17.6666666666667,90,100,78,70,"Rhizocarpon","Rhizocarpales","","Crustose","Trebouxia",NA,NA,NA,NA,NA,NA,NA,NA
"198","LittlePilesBalls","B","TB500.1.10","500","1","TB_500_1_10","T",1,2.5,120,130,71,"Leprocaulon","Leprocaulales","","Leprose","Trebouxia","10","B500_1.10b.raw",5.213,0.95,-1.24,28.84,-28.56,"Two collections (a and b), may be diff. Spp"
"199","ManilaBacidia","B","TB700.3.1","700","3","TB_700_3_1","5",30.5,77.5,97.5,104,72,"Bacidia","Lecanorales","","Crustose","Trebouxia","1",NA,NA,NA,NA,NA,NA,""
"200","ManilaBacidia","B","TB700.3.1","700","6","TB_700_3_1","1",30.5,77.5,97.5,104,72,"Bacidia","Lecanorales","","Crustose","Trebouxia",NA,NA,NA,NA,NA,NA,NA,NA
"201","ManilaRoccellina","B","TB700.1.4","700","1","TB_700_1_4","4",NA,NA,NA,79,73,"Roccellina","Arthoniales","","Crustose","Trentepohlia","4","B700_1.4.raw",4.839,1.08,-1.14,20.47,-25.99,""
"202","ManilaRoccPrui","B","TB800.9.3","800","9","TB_800_9_3","5",1,10,120,155,74,"Roccellina","Arthoniales","","Crustose","Trentepohlia","3",NA,NA,NA,NA,NA,NA,""
"203","ManilaSegmentedApoHyperbullateRoccellina","B","TB700.1.7","700","1","TB_700_1_7","T",12.125,48,120,82,75,"Roccellina","Arthoniales","","Sub-Fruticose","Trentepohlia","7","B700_1.7.raw",4.747,1.2,-1.38,26.14,-28.12,""
"204","ManilaSegmentedApoHyperbullateRoccellina","B","TB700.1.7","700","2","TB_700_1_7","T",12.125,48,120,82,75,"Roccellina","Arthoniales","","Sub-Fruticose","Trentepohlia",NA,NA,NA,NA,NA,NA,NA,NA
"205","ManilaSegmentedApoHyperbullateRoccellina","B","TB700.1.7","700","3","TB_700_1_7","4",12.125,48,120,82,75,"Roccellina","Arthoniales","","Sub-Fruticose","Trentepohlia",NA,NA,NA,NA,NA,NA,NA,NA
"206","Megaspora","B","TB500.1.9","500","1","TB_500_1_9","T",NA,NA,NA,129,76,"Megaspora","Lecanorales","","Crustose","Trebouxia","9",NA,NA,NA,NA,NA,NA,""
"207","Megaspora","B","TB500.1.9","500","9","TB_500_1_9","T",NA,NA,NA,129,76,"Megaspora","Lecanorales","","Crustose","Trebouxia",NA,NA,NA,NA,NA,NA,NA,NA
"208","MicrobullateShitBrownBuellia","B","TB700.1.9","700","1","TB_700_1_9","T",1,NA,105,84,77,"Buellia","Caliciales","","Crustose","Trebouxia","9",NA,NA,NA,NA,NA,NA,""
"209","MicrobullateShitBrownBuellia","B","TB700.1.9","700","3","TB_700_1_9","T",1,NA,105,84,77,"Buellia","Caliciales","","Crustose","Trebouxia",NA,NA,NA,NA,NA,NA,NA,NA
"210","Minksia","B","TB400.1.6","400","1","TB_400_1_6","T",NA,NA,NA,19,78,"Minksia","Arthoniales","","Foliose","Trentepohlia","6",NA,NA,NA,NA,NA,NA,""
"211","Minksia","B","TB500.1.8","500","1","TB_500_1_8","7",1,10.5,60,19,78,"Minksia","Arthoniales","","Foliose","Trentepohlia","8",NA,NA,NA,NA,NA,NA,""
"212","Minksia","B","TB500.1.8","500","10","TB_500_1_8","T",1,10.5,60,19,78,"Minksia","Arthoniales","","Foliose","Trentepohlia",NA,NA,NA,NA,NA,NA,NA,NA
"213","Minksia","B","TB500.1.8","500","2","TB_500_1_8","1",1,10.5,60,19,78,"Minksia","Arthoniales","","Foliose","Trentepohlia",NA,NA,NA,NA,NA,NA,NA,NA
"214","Minksia","B","TB500.1.8","500","6","TB_500_1_8","T",1,10.5,60,19,78,"Minksia","Arthoniales","","Foliose","Trentepohlia",NA,NA,NA,NA,NA,NA,NA,NA
"215","Minksia","B","TB500.1.8","500","7","TB_500_1_8","T",1,10.5,60,19,78,"Minksia","Arthoniales","","Foliose","Trentepohlia",NA,NA,NA,NA,NA,NA,NA,NA
"216","Minksia","B","TB500.1.8","500","8","TB_500_1_8","T",1,10.5,60,19,78,"Minksia","Arthoniales","","Foliose","Trentepohlia",NA,NA,NA,NA,NA,NA,NA,NA
"217","Minksia","B","TB600.1.2","600","1","TB_600_1_2","2",1,58,85,19,78,"Minksia","Arthoniales","","Foliose","Trentepohlia","2",NA,NA,NA,NA,NA,NA,""
"218","Minksia","B","TB600.1.2","600","2","TB_600_1_2","T",1,58,85,19,78,"Minksia","Arthoniales","","Foliose","Trentepohlia",NA,NA,NA,NA,NA,NA,NA,NA
"219","Minksia","B","TB600.1.2","600","3","TB_600_1_2","T",1,58,85,19,78,"Minksia","Arthoniales","","Foliose","Trentepohlia",NA,NA,NA,NA,NA,NA,NA,NA
"220","Minksia","B","TB600.1.2","600","5","TB_600_1_2","T",1,58,85,19,78,"Minksia","Arthoniales","","Foliose","Trentepohlia",NA,NA,NA,NA,NA,NA,NA,NA
"221","Minksia","B","TB600.1.2","600","8","TB_600_1_2","T",1,58,85,19,78,"Minksia","Arthoniales","","Foliose","Trentepohlia",NA,NA,NA,NA,NA,NA,NA,NA
"222","Minksia","B","TB600.4.5","600","4","TB_600_4_5","2",1.75,45.5,60,19,78,"Minksia","Arthoniales","","Foliose","Trentepohlia","5",NA,NA,NA,NA,NA,NA,""
"223","Minksia","B","TB800.1.4","800","1","TB_800_1_4","T",40,90,60,19,78,"Minksia","Arthoniales","","Foliose","Trentepohlia","4",NA,NA,NA,NA,NA,NA,""
"224","Minksia","B","TB800.1.4","800","2","TB_800_1_4","T",40,90,60,19,78,"Minksia","Arthoniales","","Foliose","Trentepohlia",NA,NA,NA,NA,NA,NA,NA,NA
"225","Minksia","B","TB800.1.4","800","5","TB_800_1_4","T",40,90,60,19,78,"Minksia","Arthoniales","","Foliose","Trentepohlia",NA,NA,NA,NA,NA,NA,NA,NA
"226","Minksia","B","TB800.1.4","800","7","TB_800_1_4","T",40,90,60,19,78,"Minksia","Arthoniales","","Foliose","Trentepohlia",NA,NA,NA,NA,NA,NA,NA,NA
"227","MinksiaSax","B","TB700.1.10","700","1","TB_700_1_10","T",90,90,NA,85,78,"Minksia","Arthoniales","","Foliose","Trentepohlia","10","B700_1.10.raw",4.629,0.75,0.35,29.46,-25.33,""
"228","MinksiaSax","B","TB700.1.10","700","2","TB_700_1_10","T",90,90,NA,85,78,"Minksia","Arthoniales","","Foliose","Trentepohlia",NA,NA,NA,NA,NA,NA,NA,NA
"229","MinksiaSax","B","TB700.1.10","700","3","TB_700_1_10","1",90,90,NA,85,78,"Minksia","Arthoniales","","Foliose","Trentepohlia",NA,NA,NA,NA,NA,NA,NA,NA
"230","MinksiaSax","B","TB700.1.10","700","4","TB_700_1_10","T",90,90,NA,85,78,"Minksia","Arthoniales","","Foliose","Trentepohlia",NA,NA,NA,NA,NA,NA,NA,NA
"231","MinksiaSax","B","TB700.1.10","700","6","TB_700_1_10","T",90,90,NA,85,78,"Minksia","Arthoniales","","Foliose","Trentepohlia",NA,NA,NA,NA,NA,NA,NA,NA
"232","MinksiaTwig","B","TB700.1.11b","700","1","TB_700_1_11",NA,NA,NA,NA,NA,NA,NA,NA,NA,NA,NA,"11","B700_1.11.raw",4.837,1.41,0.48,33.73,-20.36,""
"233","Niebla","B","TB500.1.4","500","1","TB_500_1_4","T",1,45.6666666666667,NA,128,79,"Niebla","Lecanorales","","Fruticose","Trebouxia","4",NA,NA,NA,NA,NA,NA,""
"234","Niebla","B","TB500.1.4","500","8","TB_500_1_4","T",1,45.6666666666667,NA,128,79,"Niebla","Lecanorales","","Fruticose","Trebouxia",NA,NA,NA,NA,NA,NA,NA,NA
"235","NieblaCeruchis","B","TB600.1.3","600","1","TB_600_1_3","1",1,38.75,NA,112,83,"Niebla","Lecanorales","","Fruticose","Trebouxia","3","B600_1.3.raw",5.179,1.17,-0.55,30,-20.62,""
"236","NieblaCeruchis","B","TB600.1.3","600","3","TB_600_1_3","T",1,38.75,NA,112,83,"Niebla","Lecanorales","","Fruticose","Trebouxia",NA,NA,NA,NA,NA,NA,NA,NA
"237","NieblaCeruchis","B","TB600.1.3","600","8","TB_600_1_3","T",1,38.75,NA,112,83,"Niebla","Lecanorales","","Fruticose","Trebouxia",NA,NA,NA,NA,NA,NA,NA,NA
"238","NieblaCeruchis","B","TB800.4.3","800","4","TB_800_4_3","T",90,90,60,112,83,"Niebla","Lecanorales","","Fruticose","Trebouxia","3",NA,NA,NA,NA,NA,NA,""
"239","NieblaCeruchis","B","TB700.4.1","700","4","TB_700_4_1",NA,NA,NA,NA,NA,NA,NA,NA,NA,NA,NA,"1","B700_4.1.raw",5.072,1.19,0.2,31.72,-21.21,""
"240","NieblaGranulans","B","TB700.2.6","700","2","TB_700_2_6","2",11,11,NA,96,84,"Niebla","Lecanorales","","Fruticose","Trebouxia","6","B_700_2.6.raw",4.83,1.2,0.03,45.36,-21.56,""
"241","NieblaGranulans","B","TB700.2.6","700","3","TB_700_2_6","3",11,11,NA,96,84,"Niebla","Lecanorales","","Fruticose","Trebouxia",NA,NA,NA,NA,NA,NA,NA,NA
"242","NieblaGranulans","B","TB800.1.3","800","1","TB_800_1_3","T",24.3333333333333,70,60,96,84,"Niebla","Lecanorales","","Fruticose","Trebouxia","3","B_800_1.3.raw",5.327,1.11,-0.35,32.12,-23.23,""
"243","NieblaGranulans","B","TB800.1.3","800","10","TB_800_1_3","T",24.3333333333333,70,60,96,84,"Niebla","Lecanorales","","Fruticose","Trebouxia",NA,NA,NA,NA,NA,NA,NA,NA
"244","NieblaGranulans","B","TB800.1.3","800","2","TB_800_1_3","1",24.3333333333333,70,60,96,84,"Niebla","Lecanorales","","Fruticose","Trebouxia",NA,NA,NA,NA,NA,NA,NA,NA
"245","NieblaGranulans","B","TB800.1.3","800","3","TB_800_1_3","T",24.3333333333333,70,60,96,84,"Niebla","Lecanorales","","Fruticose","Trebouxia",NA,NA,NA,NA,NA,NA,NA,NA
"246","NieblaGranulans","B","TB800.1.3","800","4","TB_800_1_3","4",24.3333333333333,70,60,96,84,"Niebla","Lecanorales","","Fruticose","Trebouxia",NA,NA,NA,NA,NA,NA,NA,NA
"247","NieblaGranulans","B","TB800.1.3","800","5","TB_800_1_3","T",24.3333333333333,70,60,96,84,"Niebla","Lecanorales","","Fruticose","Trebouxia",NA,NA,NA,NA,NA,NA,NA,NA
"248","NieblaGranulans","B","TB800.1.3","800","8","TB_800_1_3","T",24.3333333333333,70,60,96,84,"Niebla","Lecanorales","","Fruticose","Trebouxia",NA,NA,NA,NA,NA,NA,NA,NA
"249","Pentagenella","B","TB500.9.2","500","9","TB_500_9_2","1",12.125,22.75,67.5,59,87,"Pentagenella","Arthoniales","","Fruticose","Trentepohlia","2","B500_9.2.raw",5.405,0.98,2.86,24,-27.59,""
"250","Pentagenella","B","TB700.2.10","700","2","TB_700_2_10","T",90,90,60,59,87,"Pentagenella","Arthoniales","","Fruticose","Trentepohlia","10","B700_2.10.raw",5.249,1.26,0.83,28.61,-28.67,""
"251","Pentagenella","B","TB700.2.10","700","3","TB_700_2_10","6",90,90,60,59,87,"Pentagenella","Arthoniales","","Fruticose","Trentepohlia",NA,NA,NA,NA,NA,NA,NA,NA
"252","Pentagenella","B","TB800.4.4","800","4","TB_800_4_4","T",NA,NA,NA,59,87,"Pentagenella","Arthoniales","","Fruticose","Trentepohlia","4",NA,NA,NA,NA,NA,NA,""
"253","RamalinaSolid","B","TB700.1.8","700","1","TB_700_1_8","T",1,NA,NA,83,91,"Ramalina","Lecanorales","","Fruticose","Trebouxia","8","B700_1.8.raw",5.266,1.57,0.41,42.01,-18.16,""
"254","RamalinaSolid","B","TB700.1.8","700","3","TB_700_1_8","1",1,NA,NA,83,91,"Ramalina","Lecanorales","","Fruticose","Trebouxia",NA,NA,NA,NA,NA,NA,NA,NA
"255","RamalinaUsnea","B","TB800.4.1","800","4","TB_800_4_1","T",1,10.25,90,149,92,"Ramalina","Lecanorales","","Fruticose","Trebouxia","1","B_800_4.1.raw",4.958,1.36,-1.68,44.09,-20.9,""
"256","RamalinaVAver","B","TB700.10.1","700","10","TB_700_10_1","3",NA,NA,NA,120,93,"Ramalina","Lecanorales","","Fruticose","Trebouxia","1",NA,NA,NA,NA,NA,NA,"Could not locate specimen"
"257","Rinodina","B","TB700.3.6","700","3","TB_700_3_6","4",90,90,90,109,95,"Rinodina","Caliciales","","Crustose","Trebouxia","6",NA,NA,NA,NA,NA,NA,""
"258","RoccCereb","B","TB300.1.2","300","1","TB_300_1_2","2",2,14.3333333333333,NA,123,96,"Roccellina","Arthoniales","","Sub-Fruticose","Trentepohlia","2",NA,NA,NA,NA,NA,NA,""
"259","RoccCereb","B","TB400.1.5","400","1","TB_400_1_5","1",1,43.4,90,123,96,"Roccellina","Arthoniales","","Sub-Fruticose","Trentepohlia","5","B400_1.5A.raw",4.936,1.21,1.92,42.46,-24.4,""
"260","RoccCereb","B","TB400.1.5","400","1","TB_400_1_5","1",1,43.4,90,123,96,"Roccellina","Arthoniales","","Sub-Fruticose","Trentepohlia","5","B400_1.5.raw",4.786,1.15,1.5,38.92,-24.46,""
"261","RoccCereb","B","TB400.1.5","400","10","TB_400_1_5","5",1,43.4,90,123,96,"Roccellina","Arthoniales","","Sub-Fruticose","Trentepohlia",NA,NA,NA,NA,NA,NA,NA,NA
"262","RoccCereb","B","TB400.1.5","400","2","TB_400_1_5","T",1,43.4,90,123,96,"Roccellina","Arthoniales","","Sub-Fruticose","Trentepohlia",NA,NA,NA,NA,NA,NA,NA,NA
"263","RoccCereb","B","TB400.1.5","400","5","TB_400_1_5","9",1,43.4,90,123,96,"Roccellina","Arthoniales","","Sub-Fruticose","Trentepohlia",NA,NA,NA,NA,NA,NA,NA,NA
"264","RoccCereb","B","TB500.9.7","500","9","TB_500_9_7","T",1.5,90,97.5,123,96,"Roccellina","Arthoniales","","Sub-Fruticose","Trentepohlia","7","B500_9.7.raw",4.738,0.47,0.81,27.46,-23.98,""
"265","RoccCereb","B","TB800.3.2","800","3","TB_800_3_2","T",18.8333333333333,65.8333333333333,85,123,96,"Roccellina","Arthoniales","","Sub-Fruticose","Trentepohlia","2","B800_3.2.raw",4.931,0.65,1.26,45.46,-25.91,""
"266","RoccCereb","B","TB800.3.2","800","4","TB_800_3_2","T",18.8333333333333,65.8333333333333,85,123,96,"Roccellina","Arthoniales","","Sub-Fruticose","Trentepohlia",NA,NA,NA,NA,NA,NA,NA,NA
"267","RoccCereb","B","TB800.3.2","800","9","TB_800_3_2","3",18.8333333333333,65.8333333333333,85,123,96,"Roccellina","Arthoniales","","Sub-Fruticose","Trentepohlia",NA,NA,NA,NA,NA,NA,NA,NA
"268","Roccellina?","B","TB700.1.3","700","1","TB_700_1_3",NA,NA,NA,NA,NA,NA,NA,NA,NA,NA,NA,"3",NA,NA,NA,NA,NA,NA,"Dropped from ref collection while in field, not processed but sample curated"
"269","RoccellinaBallena","B","TB700.6.2","700","6","TB_700_6_2","2",NA,90,60,118,100,"Roccellina","Arthoniales","","Sub-Fruticose","Trentepohlia","2",NA,NA,NA,NA,NA,NA,""
"270","SandArthonia","B","TB700.6.1","700","4","TB_700_6_1","T",NA,NA,NA,115,103,"Opegrapha","Arthoniales","","Crustose","Trentepohlia",NA,NA,NA,NA,NA,NA,NA,NA
"271","SandArthonia","B","TB700.6.1","700","6","TB_700_6_1",NA,NA,NA,NA,NA,NA,NA,NA,NA,NA,NA,"1",NA,NA,NA,NA,NA,NA,"On soil"
"272","SandArthonia","B","TB700.4.3","700","4","TB_700_4_3",NA,NA,NA,NA,NA,NA,NA,NA,NA,NA,NA,"3",NA,NA,NA,NA,NA,NA,"On soil"
"273","SandOpegrapha","B","TB800.9.1","800","9","TB_800_9_1","T",NA,NA,NA,153,103,"Opegrapha","Arthoniales","","Crustose","Trentepohlia","1",NA,NA,NA,NA,NA,NA,""
"274","SorediateAmygdalaria","B","TB600.1.9","600","1","TB_600_1_9","1",4.83333333333333,55,77.5,97,106,"Amygdalaria","Lecideales","","Crustose","Trebouxia","9",NA,NA,NA,NA,NA,NA,""
"275","SorediateAmygdalaria","B","TB700.2.7","700","2","TB_700_2_7","12",1,11.6666666666667,60,97,106,"Amygdalaria","Lecideales","","Crustose","Trebouxia","7",NA,NA,NA,NA,NA,NA,""
"276","SorediateAmygdalaria","B","TB700.2.7","700","3","TB_700_2_7","1",1,11.6666666666667,60,97,106,"Amygdalaria","Lecideales","","Crustose","Trebouxia",NA,NA,NA,NA,NA,NA,NA,NA
"277","SorediateAmygdalaria","B","TB700.2.7","700","4","TB_700_2_7","5",1,11.6666666666667,60,97,106,"Amygdalaria","Lecideales","","Crustose","Trebouxia",NA,NA,NA,NA,NA,NA,NA,NA
"278","SorediateAmygdalaria","B","TB700.2.7","700","5","TB_700_2_7","2",1,11.6666666666667,60,97,106,"Amygdalaria","Lecideales","","Crustose","Trebouxia",NA,NA,NA,NA,NA,NA,NA,NA
"279","SorediateAmygdalaria","B","TB800.1.9","800","1","TB_800_1_9","T",3.5,65,75,97,106,"Amygdalaria","Lecideales","","Crustose","Trebouxia","9",NA,NA,NA,NA,NA,NA,"all the same?"
"280","SorediateAmygdalaria","B","TB800.1.9","800","10","TB_800_1_9","25",3.5,65,75,97,106,"Amygdalaria","Lecideales","","Crustose","Trebouxia",NA,NA,NA,NA,NA,NA,NA,NA
"281","SorediateAmygdalaria","B","TB800.1.9","800","3","TB_800_1_9","1",3.5,65,75,97,106,"Amygdalaria","Lecideales","","Crustose","Trebouxia",NA,NA,NA,NA,NA,NA,NA,NA
"282","SorediateAmygdalaria","B","TB800.1.9","800","4","TB_800_1_9","T",3.5,65,75,97,106,"Amygdalaria","Lecideales","","Crustose","Trebouxia",NA,NA,NA,NA,NA,NA,NA,NA
"283","SorediateAmygdalaria","B","TB800.1.9","800","5","TB_800_1_9","12",3.5,65,75,97,106,"Amygdalaria","Lecideales","","Crustose","Trebouxia",NA,NA,NA,NA,NA,NA,NA,NA
"284","SorediateAmygdalaria","B","TB800.1.9","800","7","TB_800_1_9","1",3.5,65,75,97,106,"Amygdalaria","Lecideales","","Crustose","Trebouxia",NA,NA,NA,NA,NA,NA,NA,NA
"285","SorediateAmygdalaria","B","TB800.1.9","800","8","TB_800_1_9","T",3.5,65,75,97,106,"Amygdalaria","Lecideales","","Crustose","Trebouxia",NA,NA,NA,NA,NA,NA,NA,NA
"286","SorediateAmygdalaria","B","TB800.1.9","800","9","TB_800_1_9","2",3.5,65,75,97,106,"Amygdalaria","Lecideales","","Crustose","Trebouxia",NA,NA,NA,NA,NA,NA,NA,NA
"287","SorediateTipRamalina","B","TB700.1.11a","700","1","TB_700_1_11a",NA,NA,NA,NA,NA,NA,NA,NA,NA,NA,NA,"11a",NA,NA,NA,NA,NA,NA,""
"288","SorMarginsRamalina","B","TB700.2.14","700","2","TB_700_2_14","T",90,90,60,103,108,"Ramalina","Lecanorales","","Fruticose","Trebouxia","14","B700_2.14.raw",4.83,1.18,2.11,41.66,-18.29,""
"289","SorMarginsRamalina","B","TB700.2.14","700","3","TB_700_2_14","T",90,90,60,103,108,"Ramalina","Lecanorales","","Fruticose","Trebouxia",NA,NA,NA,NA,NA,NA,NA,NA
"290","sorNiebla","B","TB600.5.1","600","5","TB_600_5_1","T",1,47,75,141,84,"Niebla","Lecanorales","","Fruticose","Trebouxia","1","B600_5.1.raw",4.661,1.83,1.5,39.77,-20.35,""
"291","StipLecBlaApoWhite","B","TB700.4.4","700","4","TB_700_4_4","6",90,90,30,116,110,"Crustose","Arthoniales","","Crustose","Trentepohlia","4",NA,NA,NA,NA,NA,NA,""
"292","StipLecBlaApoWhite","B","TB700.4.4","700","6","TB_700_4_4","T",90,90,30,116,110,"Crustose","Arthoniales","","Crustose","Trentepohlia",NA,NA,NA,NA,NA,NA,NA,NA
"293","TanBullateApo","B","TB800.1.7","800","1","TB_800_1_7","T",1,4,110,142,111,"Crustose","Arthoniales","","Crustose","Trentepohlia","7",NA,NA,NA,NA,NA,NA,""
"294","TanBullateApo","B","TB800.1.7","800","10","TB_800_1_7","14",1,4,110,142,111,"Crustose","Arthoniales","","Crustose","Trentepohlia",NA,NA,NA,NA,NA,NA,NA,NA
"295","TanBullateApo","B","TB800.1.7","800","2","TB_800_1_7","1",1,4,110,142,111,"Crustose","Arthoniales","","Crustose","Trentepohlia",NA,NA,NA,NA,NA,NA,NA,NA
"296","TanBullateApo","B","TB800.1.7","800","3","TB_800_1_7","1",1,4,110,142,111,"Crustose","Arthoniales","","Crustose","Trentepohlia",NA,NA,NA,NA,NA,NA,NA,NA
"297","TanBullateApo","B","TB800.1.7","800","4","TB_800_1_7","5",1,4,110,142,111,"Crustose","Arthoniales","","Crustose","Trentepohlia",NA,NA,NA,NA,NA,NA,NA,NA
"298","TanBullateApo","B","TB800.1.7","800","5","TB_800_1_7","6",1,4,110,142,111,"Crustose","Arthoniales","","Crustose","Trentepohlia",NA,NA,NA,NA,NA,NA,NA,NA
"299","TanBullateApo","B","TB800.1.7","800","6","TB_800_1_7","2",1,4,110,142,111,"Crustose","Arthoniales","","Crustose","Trentepohlia",NA,NA,NA,NA,NA,NA,NA,NA
"300","TanBullateApo","B","TB800.1.7","800","7","TB_800_1_7","8",1,4,110,142,111,"Crustose","Arthoniales","","Crustose","Trentepohlia",NA,NA,NA,NA,NA,NA,NA,NA
"301","TanBullateApo","B","TB800.1.7","800","9","TB_800_1_7","5",1,4,110,142,111,"Crustose","Arthoniales","","Crustose","Trentepohlia",NA,NA,NA,NA,NA,NA,NA,NA
"302","TanCrustRocc","B","TB800.10.3","800","10","TB_800_10_3","T",1,70,120,158,112,"Roccellina","Arthoniales","","Sub-Fruticose","Trentepohlia","3",NA,NA,NA,NA,NA,NA,""
"303","TinyGrayRhizo","B","TB700.3.4","700","10","TB_700_3_4","T",1,22,120,107,114,"Rhizocarpon","Rhizocarpales","","Crustose","Trebouxia",NA,NA,NA,NA,NA,NA,NA,NA
"304","TinyGrayRhizo","B","TB700.3.4","700","3","TB_700_3_4","T",1,22,120,107,114,"Rhizocarpon","Rhizocarpales","","Crustose","Trebouxia","4",NA,NA,NA,NA,NA,NA,""
"305","TinyGrayRhizo","B","TB700.3.4","700","4","TB_700_3_4","T",1,22,120,107,114,"Rhizocarpon","Rhizocarpales","","Crustose","Trebouxia",NA,NA,NA,NA,NA,NA,NA,NA
"306","TinyGrayRhizo","B","TB700.3.4","700","8","TB_700_3_4","T",1,22,120,107,114,"Rhizocarpon","Rhizocarpales","","Crustose","Trebouxia",NA,NA,NA,NA,NA,NA,NA,NA
"307","TinyGrayRhizocarpon","B","TB700.3.4","700","10","TB_700_3_4","T",1,22,120,113,115,"Rhizocarpon","Rhizocarpales","","Crustose","Trebouxia",NA,NA,NA,NA,NA,NA,NA,NA
"308","TinyGrayRhizocarpon","B","TB700.3.4","700","3","TB_700_3_4","T",1,22,120,113,115,"Rhizocarpon","Rhizocarpales","","Crustose","Trebouxia","4",NA,NA,NA,NA,NA,NA,""
"309","TinyGrayRhizocarpon","B","TB700.3.4","700","4","TB_700_3_4","T",1,22,120,113,115,"Rhizocarpon","Rhizocarpales","","Crustose","Trebouxia",NA,NA,NA,NA,NA,NA,NA,NA
"310","TinyGrayRhizocarpon","B","TB700.3.4","700","8","TB_700_3_4","T",1,22,120,113,115,"Rhizocarpon","Rhizocarpales","","Crustose","Trebouxia",NA,NA,NA,NA,NA,NA,NA,NA
"311","TinyOliveRhizo","B","TB700.5.2","700","5","TB_700_5_2","T",1,65,75,117,117,"Rhizocarpon","Rhizocarpales","","Crustose","Trebouxia","2",NA,NA,NA,NA,NA,NA,""
"312","Trentepohlia","B","no",NA,NA,"coll",NA,NA,NA,NA,NA,NA,NA,NA,NA,NA,NA,NA,NA,NA,NA,NA,NA,NA,""
"313","UsneaRubicunda","B","TB700.10.2","700","10","TB_700_10_2","T",NA,NA,NA,68,119,"Usnea","Lecanorales","","Fruticose","Trebouxia","2",NA,NA,NA,NA,NA,NA,"Just a few flecks of sample"
"314","VapoWhiteRidged","B","TB700.1.14","700","1","TB_700_1_14","T",11,70,105,90,120,"Roccellina","Arthoniales","","Sub-Fruticose","Trentepohlia","14",NA,NA,NA,NA,NA,NA,""
"315","WhiteBlackLecideateRoccellina","B","TB700.1.5","700","1","TB_700_1_5","T",1.5,90,120,80,121,"Roccellina","Arthoniales","","Sub-Fruticose","Trentepohlia","5",NA,NA,NA,NA,NA,NA,""
"316","WhiteBlackLecideateRoccellina","B","TB700.1.5","700","6","TB_700_1_5","T",1.5,90,120,80,121,"Roccellina","Arthoniales","","Sub-Fruticose","Trentepohlia",NA,NA,NA,NA,NA,NA,NA,NA
"317","WhiteBuelliaJor","B","TB800.10.2","800","10","TB_800_10_2","3",1.25,46,105,157,123,"Buellia","Caliciales","","Crustose","Trebouxia","2",NA,NA,NA,NA,NA,NA,""
"318","whiteLignBuellia","B","TB600.4.6","600","4","TB_600_4_6","T",1,4.33333333333333,120,140,125,"Buellia","Caliciales","","Crustose","Trebouxia","6",NA,NA,NA,NA,NA,NA,""
"319","WhiteStipBuellia","B","TB700.2.4","700","2","TB_700_2_4","2",0,0,NA,94,127,"Buellia","Caliciales","","Crustose","Trebouxia","4",NA,NA,NA,NA,NA,NA,""
"320","WhiteStipBuellia","B","TB700.2.4","700","4","TB_700_2_4","T",0,0,NA,94,127,"Buellia","Caliciales","","Crustose","Trebouxia",NA,NA,NA,NA,NA,NA,NA,NA
"321","WhiteTinyBlackApoRhizo","B","TB700.3.3","700","3","TB_700_3_3","1",1,52.5,105,106,128,"Rhizocarpon","Rhizocarpales","","Crustose","Trebouxia","3",NA,NA,NA,NA,NA,NA,""
"322","XanthoriaAscendens","B","TB700.2.3","700","10","TB_700_2_3","T",NA,NA,NA,93,129,"Xanthoria","Teloschistales","","Sub-Fruticose","Trebouxia",NA,NA,NA,NA,NA,NA,NA,NA
"323","XanthoriaAscendens","B","TB700.2.3","700","2","TB_700_2_3","1",NA,NA,NA,93,129,"Xanthoria","Teloschistales","","Sub-Fruticose","Trebouxia","3","B700_2.3.raw",4.662,0.35,9.2,2.72,-27.13,""
"324","XanthoriaAscendens","B","TB700.2.3","700","3","TB_700_2_3","T",NA,NA,NA,93,129,"Xanthoria","Teloschistales","","Sub-Fruticose","Trebouxia",NA,NA,NA,NA,NA,NA,NA,NA
"325","Xylographa","B","TB600.4.2","600","4","TB_600_4_2","T",0,2.75,NA,138,130,"Xylographa","Arthoniales","","Crustose","Trentepohlia","2",NA,NA,NA,NA,NA,NA,"on wood"
"326","YellowRhizocarpon","B","TB500.1.1","500","1","TB_500_1_1","12",1.66666666666667,NA,120,4,133,"Rhizocarpon","Rhizocarpales","","Crustose","Trebouxia","1",NA,NA,NA,NA,NA,NA,""
"327","YellowRhizocarpon","B","TB500.1.1","500","10","TB_500_1_1","T",1.66666666666667,NA,120,4,133,"Rhizocarpon","Rhizocarpales","","Crustose","Trebouxia",NA,NA,NA,NA,NA,NA,NA,NA
"328","YellowRhizocarpon","B","TB500.1.1","500","2","TB_500_1_1","T",1.66666666666667,NA,120,4,133,"Rhizocarpon","Rhizocarpales","","Crustose","Trebouxia",NA,NA,NA,NA,NA,NA,NA,NA
"329","YellowRhizocarpon","B","TB500.1.1","500","3","TB_500_1_1","T",1.66666666666667,NA,120,4,133,"Rhizocarpon","Rhizocarpales","","Crustose","Trebouxia",NA,NA,NA,NA,NA,NA,NA,NA
"330","YellowRhizocarpon","B","TB500.1.1","500","6","TB_500_1_1","T",1.66666666666667,NA,120,4,133,"Rhizocarpon","Rhizocarpales","","Crustose","Trebouxia",NA,NA,NA,NA,NA,NA,NA,NA
"331","YellowRhizocarpon","B","TB500.1.1","500","7","TB_500_1_1","T",1.66666666666667,NA,120,4,133,"Rhizocarpon","Rhizocarpales","","Crustose","Trebouxia",NA,NA,NA,NA,NA,NA,NA,NA
"332","YellowRhizocarpon","B","TB500.1.1","500","8","TB_500_1_1","T",1.66666666666667,NA,120,4,133,"Rhizocarpon","Rhizocarpales","","Crustose","Trebouxia",NA,NA,NA,NA,NA,NA,NA,NA
"333","YellRhizoCentApo","B","TB600.2.1","600","2","TB_600_2_1","T",1,14.5,90,134,135,"Rhizocarpon","Rhizocarpales","","Crustose","Trebouxia","1",NA,NA,NA,NA,NA,NA,""
"334","YellRhizoCentApo","B","TB600.2.1","600","3","TB_600_2_1","2",1,14.5,90,134,135,"Rhizocarpon","Rhizocarpales","","Crustose","Trebouxia",NA,NA,NA,NA,NA,NA,NA,NA
"335","YellRhizoCentApo","B","TB600.2.1","600","5","TB_600_2_1","1",1,14.5,90,134,135,"Rhizocarpon","Rhizocarpales","","Crustose","Trebouxia",NA,NA,NA,NA,NA,NA,NA,NA
"336","YellRhizoCentApo","B","TB600.2.1","600","6","TB_600_2_1","T",1,14.5,90,134,135,"Rhizocarpon","Rhizocarpales","","Crustose","Trebouxia",NA,NA,NA,NA,NA,NA,NA,NA
"337","YellRhizoCentApo","B","TB600.2.1","600","7","TB_600_2_1","T",1,14.5,90,134,135,"Rhizocarpon","Rhizocarpales","","Crustose","Trebouxia",NA,NA,NA,NA,NA,NA,NA,NA
"338","YellRhizoCentApo","B","TB600.2.1","600","8","TB_600_2_1","T",1,14.5,90,134,135,"Rhizocarpon","Rhizocarpales","","Crustose","Trebouxia",NA,NA,NA,NA,NA,NA,NA,NA
"339","YelRhizocarponSchizidia","B","TB600.1.5","600","1","TB_600_1_5","1",1,12,120,105,136,"Rhizocarpon","Rhizocarpales","","Crustose","Trebouxia","5",NA,NA,NA,NA,NA,NA,""
"340","YelRhizocarponSchizidia","B","TB600.1.5","600","10","TB_600_1_5","T",1,12,120,105,136,"Rhizocarpon","Rhizocarpales","","Crustose","Trebouxia",NA,NA,NA,NA,NA,NA,NA,NA
"341","YelRhizocarponSchizidia","B","TB600.1.5","600","3","TB_600_1_5","3",1,12,120,105,136,"Rhizocarpon","Rhizocarpales","","Crustose","Trebouxia",NA,NA,NA,NA,NA,NA,NA,NA
"342","YelRhizocarponSchizidia","B","TB600.1.5","600","6","TB_600_1_5","T",1,12,120,105,136,"Rhizocarpon","Rhizocarpales","","Crustose","Trebouxia",NA,NA,NA,NA,NA,NA,NA,NA
"343","YelRhizocarponSchizidia","B","TB600.1.5","600","9","TB_600_1_5","T",1,12,120,105,136,"Rhizocarpon","Rhizocarpales","","Crustose","Trebouxia",NA,NA,NA,NA,NA,NA,NA,NA
"344","YelRhizocarponSchizidia","B","TB700.3.2","700","10","TB_700_3_2","T",1,5,NA,105,136,"Rhizocarpon","Rhizocarpales","","Crustose","Trebouxia",NA,NA,NA,NA,NA,NA,NA,NA
"345","YelRhizocarponSchizidia","B","TB700.3.2","700","3","TB_700_3_2","T",1,5,NA,105,136,"Rhizocarpon","Rhizocarpales","","Crustose","Trebouxia","2",NA,NA,NA,NA,NA,NA,""
"346","YelRhizocarponSchizidia","B","TB700.3.2","700","4","TB_700_3_2","T",1,5,NA,105,136,"Rhizocarpon","Rhizocarpales","","Crustose","Trebouxia",NA,NA,NA,NA,NA,NA,NA,NA
"347","YelRhizocarponSchizidia","B","TB700.3.2","700","5","TB_700_3_2","T",1,5,NA,105,136,"Rhizocarpon","Rhizocarpales","","Crustose","Trebouxia",NA,NA,NA,NA,NA,NA,NA,NA
"348","YelRhizocarponSchizidia","B","TB700.3.2","700","6","TB_700_3_2","T",1,5,NA,105,136,"Rhizocarpon","Rhizocarpales","","Crustose","Trebouxia",NA,NA,NA,NA,NA,NA,NA,NA
"349","YelRhizocarponSchizidia","B","TB700.3.2","700","8","TB_700_3_2","T",1,5,NA,105,136,"Rhizocarpon","Rhizocarpales","","Crustose","Trebouxia",NA,NA,NA,NA,NA,NA,NA,NA
"350","YelRhizocarponSchizidia","B","TB700.3.2","700","9","TB_700_3_2","1",1,5,NA,105,136,"Rhizocarpon","Rhizocarpales","","Crustose","Trebouxia",NA,NA,NA,NA,NA,NA,NA,NA
"351","YelRhizocarponSchizidia","B","TB800.1.5","800","1","TB_800_1_5","T",1,27,90,105,136,"Rhizocarpon","Rhizocarpales","","Crustose","Trebouxia","5",NA,NA,NA,NA,NA,NA,""
"352","YelRhizoFlatBlackApo","B","TB700.10.3","700","10","TB_700_10_3","1",1,NA,100,121,137,"Rhizocarpon","Rhizocarpales","","Crustose","Trebouxia","3",NA,NA,NA,NA,NA,NA,""
"353","YelRhizoNoSchiz","B","TB400.1.2","400","1","TB_400_1_2","T",2.33333333333333,19.3888888888889,NA,124,138,"Rhizocarpon","Rhizocarpales","","Crustose","Trebouxia","2",NA,NA,NA,NA,NA,NA,""
"354","YrhizoSor","B","TB800.6.2","800","6","TB_800_6_2","2",1,55,100,152,138,"Rhizocarpon","Rhizocarpales","","Crustose","Trebouxia","2",NA,NA,NA,NA,NA,NA,""
"355","YrhizoSor","B","TB800.6.2","800","7","TB_800_6_2","T",1,55,100,152,138,"Rhizocarpon","Rhizocarpales","","Crustose","Trebouxia",NA,NA,NA,NA,NA,NA,NA,NA
"356","YrhizoSor","B","TB800.6.2","800","8","TB_800_6_2","T",1,55,100,152,138,"Rhizocarpon","Rhizocarpales","","Crustose","Trebouxia",NA,NA,NA,NA,NA,NA,NA,NA
